{"textureGroups":[{"atlases":[{"textures":[{"symbol":"img_background","rect":[1,1,1024,768],"origin":[0,0]},{"symbol":"img_start_match","rect":[1,771,1024,768],"origin":[0,0]},{"symbol":"img_quetz","rect":[1027,1,447,417],"origin":[0,0]},{"symbol":"img_temple","rect":[1476,1,255,190],"origin":[0,0]},{"symbol":"img_alignment_background","rect":[1027,420,712,65],"origin":[350,0]},{"symbol":"img_festival","rect":[1733,1,255,176],"origin":[0,0]},{"symbol":"bolt","rect":[1733,179,119,177],"origin":[0,0]},{"symbol":"img_alignment_head","rect":[1854,179,81,66],"origin":[40,0]},{"symbol":"img_quetz_jaw","rect":[1937,179,97,41],"origin":[0,0]},{"symbol":"img_heart","rect":[1990,1,50,71],"origin":[0,0]},{"symbol":"img_villager_01","rect":[1990,74,50,57],"origin":[0,0]},{"symbol":"img_villager_02","rect":[1476,193,36,56],"origin":[0,0]},{"symbol":"img_villager_03","rect":[1514,193,36,56],"origin":[0,0]}],"file":"atlas0.png"},{"textures":[{"symbol":"img_start_lose","rect":[1,1,1024,768],"origin":[0,0]},{"symbol":"img_intro","rect":[1,771,1024,768],"origin":[0,0]}],"file":"atlas1.png"},{"textures":[{"symbol":"img_start_win","rect":[1,1,1024,768],"origin":[0,0]}],"file":"atlas2.png"}],"scaleFactor":1}],"frameRate":30,"movies":[{"layers":[{"name":"Layer 3","keyframes":[{"index":0,"duration":15},{"loc":[-11.9851,-296.9652],"pivot":[59.5,88.5],"skew":[0.2618,0.2618],"duration":14,"index":15,"ref":"bolt"},{"loc":[-670.9208,-1.0153],"pivot":[59.5,88.45],"skew":[0.2618,0.2618],"duration":1,"index":29,"ref":"bolt"}]},{"name":"Layer 1","keyframes":[{"duration":30,"loc":[58.5,-197.4],"pivot":[223.5,208.5],"tweened":false,"index":0,"ref":"img_quetz"}]},{"name":"Layer 2","keyframes":[{"loc":[-59.0014,-235.9813],"pivot":[48.45,20.45],"skew":[0.7854,0.7854],"duration":14,"index":0,"ref":"img_quetz_jaw"},{"loc":[-52.9458,-219.9386],"pivot":[48.45,20.5],"skew":[-0.2618,-0.2618],"duration":1,"index":14,"ref":"img_quetz_jaw"},{"loc":[-52.9458,-219.9386],"pivot":[48.45,20.5],"skew":[-0.2618,-0.2618],"duration":15,"index":15,"ref":"img_quetz_jaw"}]}],"id":"QUETZ"},{"layers":[{"name":"Layer 1","keyframes":[{"duration":1,"loc":[512,384],"pivot":[512,384],"tweened":false,"index":0,"ref":"img_background"}]}],"id":"background"},{"layers":[{"name":"Layer 1","keyframes":[{"duration":1,"loc":[-1,-72],"pivot":[127.5,88],"tweened":false,"index":0,"ref":"img_festival"}]}],"id":"festival"},{"layers":[{"name":"Layer 1","keyframes":[{"duration":1,"loc":[0,10.5],"pivot":[25,35.5],"tweened":false,"index":0,"ref":"img_heart"}]}],"id":"heart"},{"layers":[{"name":"Layer 1","keyframes":[{"duration":1,"loc":[-12,-74.5],"pivot":[127,99.5],"tweened":false,"index":0,"ref":"img_temple"}]}],"id":"temple"},{"layers":[{"name":"Layer 1","keyframes":[{"ease":-1,"loc":[96.5,81.55],"pivot":[121.45,138.45],"duration":9,"index":0,"ref":"img_villager_01"},{"ease":1,"loc":[96.5,69.55],"pivot":[121.45,138.45],"duration":10,"index":9,"ref":"img_villager_01"},{"duration":1,"index":19,"loc":[96.5,81.55],"pivot":[121.45,138.45],"ref":"img_villager_01"}]}],"id":"villager_01"},{"layers":[{"name":"Layer 1","keyframes":[{"ease":-1,"loc":[68.55,80.15],"pivot":[87.45,136.05],"duration":9,"index":0,"ref":"img_villager_02"},{"ease":1,"loc":[68.5,68.15],"pivot":[87.45,136.05],"duration":10,"index":9,"ref":"img_villager_02"},{"duration":1,"index":19,"loc":[68.5,80.15],"pivot":[87.45,136.05],"ref":"img_villager_02"}]}],"id":"villager_02"},{"layers":[{"name":"Layer 1","keyframes":[{"ease":-1,"loc":[67.5,80.1],"pivot":[87.45,136.05],"duration":9,"index":0,"ref":"img_villager_03"},{"ease":1,"loc":[67.5,68.1],"pivot":[87.45,136.05],"duration":10,"index":9,"ref":"img_villager_03"},{"duration":1,"index":19,"loc":[67.5,80.1],"pivot":[87.45,136.05],"ref":"img_villager_03"}]}],"id":"villager_03"}],"md5":"1a79e727c2bc7034d533bb736fdedd4f"}