{"textureGroups":[{"scaleFactor":1,"atlases":[{"file":"atlas0.png","textures":[{"symbol":"img_background","rect":[1,1,1024,768],"origin":[0,0]},{"symbol":"img_tlah","rect":[1027,1,448,534],"origin":[0,0]},{"symbol":"img_huitz","rect":[1477,1,405,540],"origin":[0,0]},{"symbol":"img_quetz","rect":[1027,537,447,417],"origin":[0,0]},{"symbol":"img_quetz_glow","rect":[1476,543,413,392],"origin":[0,0]},{"symbol":"img_fringeright","rect":[1,771,768,79],"origin":[0,0]},{"symbol":"img_fringeleft","rect":[1,852,768,79],"origin":[0,0]},{"symbol":"bolt","rect":[1884,1,119,177],"origin":[0,0]},{"symbol":"img_edittext","rect":[1,933,268,43],"origin":[0,0]},{"symbol":"img_alignment_head","rect":[1884,180,81,66],"origin":[40,0]},{"symbol":"img_health","rect":[1967,180,69,69],"origin":[0,0]},{"symbol":"img_shield","rect":[1884,248,57,70],"origin":[0,0]},{"symbol":"img_quetz_jaw","rect":[1943,251,97,41],"origin":[0,0]},{"symbol":"img_frowny","rect":[1943,294,60,60],"origin":[0,0]},{"symbol":"img_smiley","rect":[1884,356,60,60],"origin":[0,0]},{"symbol":"img_heart","rect":[1946,356,50,71],"origin":[0,0]},{"symbol":"img_villager_01","rect":[1884,418,50,57],"origin":[0,0]},{"symbol":"img_tlah_jaw","rect":[1936,429,67,34],"origin":[0,0]},{"symbol":"img_villager_02","rect":[2005,1,36,56],"origin":[0,0]},{"symbol":"img_villager_03","rect":[2005,59,36,56],"origin":[0,0]},{"symbol":"img_huitz_jaw","rect":[1936,465,58,22],"origin":[0,0]},{"symbol":"img_alignment_background","rect":[2005,117,41,4],"origin":[0,0]}]},{"file":"atlas1.png","textures":[{"symbol":"img_blood","rect":[1,1,640,256],"origin":[320,128]},{"symbol":"img_temple","rect":[643,1,255,190],"origin":[0,0]},{"symbol":"img_festival","rect":[643,193,255,176],"origin":[0,0]}]}]}],"movies":[{"id":"HUITZ","layers":[{"keyframes":[{"index":0,"duration":14},{"pivot":[59.55,88.45],"loc":[11.015,-160.0003],"skew":[0.7854,0.7854],"duration":16,"index":14,"ref":"bolt"},{"pivot":[59.55,88.45],"loc":[-725.435,3.6497],"skew":[0.7854,0.7854],"duration":1,"index":30,"ref":"bolt"}],"name":"Layer 1"},{"keyframes":[{"pivot":[202.5,270],"loc":[46.5,-209],"duration":31,"index":0,"tweened":false,"ref":"img_huitz"}],"name":"Layer 2"},{"keyframes":[{"pivot":[29.05,11.05],"loc":[13.8689,-159.3334],"skew":[0.3661,0.3661],"duration":14,"index":0,"ref":"img_huitz_jaw"},{"pivot":[29,11],"loc":[15,-147.95],"duration":17,"index":14,"tweened":false,"ref":"img_huitz_jaw"}],"name":"Layer 3"}]},{"id":"QUETZ","layers":[{"keyframes":[{"index":0,"duration":15},{"pivot":[59.5,88.5],"loc":[-11.9851,-296.9652],"skew":[0.2618,0.2618],"duration":14,"index":15,"ref":"bolt"},{"pivot":[59.5,88.45],"loc":[-670.9208,-1.0153],"skew":[0.2618,0.2618],"duration":1,"index":29,"ref":"bolt"}],"name":"Layer 3"},{"keyframes":[{"pivot":[223.5,208.5],"loc":[58.5,-197.4],"duration":30,"index":0,"tweened":false,"ref":"img_quetz"}],"name":"Layer 1"},{"keyframes":[{"pivot":[48.45,20.45],"loc":[-59.0014,-235.9813],"skew":[0.7854,0.7854],"duration":14,"index":0,"ref":"img_quetz_jaw"},{"pivot":[48.45,20.5],"loc":[-52.9458,-219.9386],"skew":[-0.2618,-0.2618],"duration":1,"index":14,"ref":"img_quetz_jaw"},{"pivot":[48.45,20.5],"loc":[-52.9458,-219.9386],"skew":[-0.2618,-0.2618],"duration":15,"index":15,"ref":"img_quetz_jaw"}],"name":"Layer 2"}]},{"id":"TLAH","layers":[{"keyframes":[{"index":0,"duration":14},{"pivot":[59.45,88.45],"loc":[40.6845,-261.1287],"skew":[0.2618,0.2618],"duration":16,"index":14,"ref":"bolt"},{"pivot":[59.5,88.5],"loc":[-645.52,-11.5074],"skew":[0.5236,0.5236],"duration":1,"index":30,"ref":"bolt"}],"name":"Layer 1"},{"keyframes":[{"pivot":[224,267],"loc":[56,-163.05],"skew":[0,3.1416],"duration":14,"index":0,"tweened":false,"ref":"img_tlah"},{"pivot":[224,267],"loc":[56,-163.05],"skew":[0,3.1416],"duration":17,"index":14,"tweened":false,"ref":"img_tlah"}],"name":"body"},{"keyframes":[{"pivot":[33.5,17],"loc":[-30,-195.95],"skew":[0,3.1416],"duration":14,"index":0,"ref":"img_tlah_jaw"},{"pivot":[33.45,17.05],"loc":[-19.9963,-195.9418],"skew":[-0.7854,2.3562],"duration":17,"index":14,"tweened":false,"ref":"img_tlah_jaw"}],"name":"Layer 2"}]},{"id":"affinity","layers":[{"keyframes":[{"pivot":[6,32.45],"loc":[147.8053,32.45],"scale":[14.6342,1],"duration":1,"index":0,"tweened":false,"ref":"img_alignment_background"}],"name":"bar"},{"keyframes":[{"pivot":[30,30],"loc":[30,0],"duration":1,"index":0,"tweened":false,"ref":"img_frowny"}],"name":"angry"},{"keyframes":[{"pivot":[30,30],"loc":[690,0],"duration":1,"index":0,"tweened":false,"ref":"img_smiley"}],"name":"happy"},{"keyframes":[{"pivot":[40.5,33],"loc":[618.5,0],"duration":1,"index":0,"tweened":false,"ref":"img_alignment_head"}],"name":"head"}]},{"id":"background","layers":[{"keyframes":[{"pivot":[512,384],"loc":[512,384],"duration":1,"index":0,"tweened":false,"ref":"img_background"}],"name":"Layer 1"}]},{"id":"festival","layers":[{"keyframes":[{"pivot":[127.5,88],"loc":[-1,-72],"duration":1,"index":0,"tweened":false,"ref":"img_festival"}],"name":"Layer 1"}]},{"id":"heart","layers":[{"keyframes":[{"pivot":[25,35.5],"loc":[0,10.5],"duration":1,"index":0,"tweened":false,"ref":"img_heart"}],"name":"Layer 1"}]},{"id":"intro_screen","layers":[{"keyframes":[{"pivot":[512,384],"loc":[512,384],"duration":1,"index":0,"tweened":false,"ref":"~symbols/screen_base"}],"name":"bg"},{"keyframes":[{"pivot":[223.5,208.5],"loc":[678.9324,498.9326],"scale":[0.91,0.91],"duration":1,"index":0,"tweened":false,"ref":"img_quetz"}],"name":"quetz"},{"keyframes":[{"pivot":[48.5,20.5],"loc":[576.9344,479.9548],"scale":[0.91,0.91],"duration":1,"index":0,"tweened":false,"ref":"img_quetz_jaw"}],"name":"jaw"},{"keyframes":[{"pivot":[134,21.5],"loc":[289.95,639.95],"duration":1,"index":0,"tweened":false,"ref":"img_edittext"}],"name":"textbox"}]},{"id":"lose_screen","layers":[{"keyframes":[{"pivot":[512,384],"loc":[512,384],"duration":1,"index":0,"tweened":false,"ref":"~symbols/screen_base"}],"name":"bg"},{"keyframes":[{"pivot":[202.55,270],"loc":[706.985,505.9474],"scale":[0.74,0.74],"duration":1,"index":0,"tweened":false,"ref":"img_huitz"}],"name":"huitz"},{"keyframes":[{"pivot":[25,35.5],"loc":[528.95,497.95],"duration":1,"index":0,"tweened":false,"ref":"img_heart"}],"name":"heart1"},{"keyframes":[{"pivot":[25,35.5],"loc":[557.95,415.95],"duration":1,"index":0,"tweened":false,"ref":"img_heart"}],"name":"heart2"},{"keyframes":[{"pivot":[25,35.5],"loc":[605.95,356.65],"duration":1,"index":0,"tweened":false,"ref":"img_heart"}],"name":"heart3"},{"keyframes":[{"pivot":[134,21.5],"loc":[290,639.95],"duration":1,"index":0,"tweened":false,"ref":"img_edittext"}],"name":"textbox"}]},{"id":"sacrifice","layers":[{"keyframes":[{"pivot":[0,10.5],"loc":[0,0.0249],"scale":[1.05,1.05],"ease":-1,"duration":7,"index":0,"ref":"heart"},{"pivot":[0,10.5],"loc":[0,0.0649],"scale":[3.63,3.63],"duration":1,"index":7,"ref":"heart"},{"index":8,"duration":1}],"name":"heart"},{"keyframes":[{"index":0,"duration":8},{"pivot":[320,128],"loc":[11,0],"scale":[0.46,0.46],"ease":-1,"duration":6,"index":8,"ref":"img_blood"},{"pivot":[320,128],"loc":[11,0],"skew":[0.4189,0.4189],"ease":-1,"duration":20,"index":14,"ref":"img_blood"},{"pivot":[320,128],"loc":[11,50],"alpha":0,"skew":[0.4189,0.4189],"duration":1,"index":34,"ref":"img_blood"}],"name":"blood"}]},{"id":"start_match_screen","layers":[{"keyframes":[{"pivot":[512,384],"loc":[512,384],"duration":1,"index":0,"tweened":false,"ref":"~symbols/screen_base"}],"name":"bg"},{"keyframes":[{"pivot":[134,21.5],"loc":[290,319.95],"duration":1,"index":0,"tweened":false,"ref":"img_edittext"}],"name":"textbox"},{"keyframes":[{"pivot":[223.5,208.5],"loc":[678.929,498.9294],"scale":[0.91,0.91],"duration":1,"index":0,"tweened":false,"ref":"img_quetz"}],"name":"quetz"},{"keyframes":[{"pivot":[48.5,20.5],"loc":[576.9337,479.9544],"scale":[0.91,0.91],"duration":1,"index":0,"tweened":false,"ref":"img_quetz_jaw"}],"name":"jaw"}]},{"id":"temple","layers":[{"keyframes":[{"pivot":[127,99.5],"loc":[0,-74.5],"duration":1,"index":0,"tweened":false,"ref":"img_temple"}],"name":"temple"},{"keyframes":[{"pivot":[34.45,34.55],"loc":[-83.0029,-188.9479],"scale":[0.55,0.55],"duration":1,"index":0,"tweened":false,"ref":"img_health"}],"name":"health"},{"keyframes":[{"pivot":[28.55,35],"loc":[-82.9914,-230.9505],"scale":[0.58,0.58],"duration":1,"index":0,"tweened":false,"ref":"img_shield"}],"name":"defense"}]},{"id":"villager_01","layers":[{"keyframes":[{"pivot":[121.45,138.45],"loc":[96.5,81.55],"ease":-1,"duration":9,"index":0,"ref":"img_villager_01"},{"pivot":[121.45,138.45],"loc":[96.5,69.55],"ease":1,"duration":10,"index":9,"ref":"img_villager_01"},{"pivot":[121.45,138.45],"loc":[96.5,81.55],"duration":1,"index":19,"ref":"img_villager_01"}],"name":"Layer 1"}]},{"id":"villager_02","layers":[{"keyframes":[{"pivot":[87.45,136.05],"loc":[68.55,80.15],"ease":-1,"duration":9,"index":0,"ref":"img_villager_02"},{"pivot":[87.45,136.05],"loc":[68.5,68.15],"ease":1,"duration":10,"index":9,"ref":"img_villager_02"},{"pivot":[87.45,136.05],"loc":[68.5,80.15],"duration":1,"index":19,"ref":"img_villager_02"}],"name":"Layer 1"}]},{"id":"villager_03","layers":[{"keyframes":[{"pivot":[87.45,136.05],"loc":[67.5,80.1],"ease":-1,"duration":9,"index":0,"ref":"img_villager_03"},{"pivot":[87.45,136.05],"loc":[67.5,68.1],"ease":1,"duration":10,"index":9,"ref":"img_villager_03"},{"pivot":[87.45,136.05],"loc":[67.5,80.1],"duration":1,"index":19,"ref":"img_villager_03"}],"name":"Layer 1"}]},{"id":"win_screen","layers":[{"keyframes":[{"pivot":[512,384],"loc":[512,384],"duration":1,"index":0,"tweened":false,"ref":"~symbols/screen_base"}],"name":"bg"},{"keyframes":[{"pivot":[134,21.5],"loc":[289.95,639.95],"duration":1,"index":0,"tweened":false,"ref":"img_edittext"}],"name":"textbox"},{"keyframes":[{"pivot":[206.5,196],"loc":[679.95,497.95],"duration":1,"index":0,"tweened":false,"ref":"img_quetz_glow"}],"name":"quetz"}]},{"id":"~symbols/screen_base","layers":[{"keyframes":[{"pivot":[512,384],"loc":[512,384],"duration":1,"index":0,"tweened":false,"ref":"img_background"}],"name":"bg"},{"keyframes":[{"pivot":[39,384],"loc":[-305.9464,39.0352],"skew":[1.5707,1.5707],"duration":1,"index":0,"tweened":false,"ref":"img_fringeleft"}],"name":"fringe-left"},{"keyframes":[{"pivot":[39,384],"loc":[639.9536,39.0352],"skew":[1.5707,1.5707],"duration":1,"index":0,"tweened":false,"ref":"img_fringeright"}],"name":"fringe-right"}]}],"frameRate":30,"md5":"f4f94a1f41a976b0cba7fa66dc373d6c"}