{"textureGroups":[{"scaleFactor":1,"atlases":[{"file":"atlas0.png","textures":[{"symbol":"img_start_lose","rect":[1,1,1024,768],"origin":[0,0]},{"symbol":"img_background","rect":[1,771,1024,768],"origin":[0,0]},{"symbol":"img_tlah","rect":[1027,1,448,534],"origin":[0,0]},{"symbol":"img_huitz","rect":[1477,1,405,540],"origin":[0,0]},{"symbol":"img_quetz","rect":[1027,537,447,417],"origin":[0,0]},{"symbol":"img_blood","rect":[1027,956,640,256],"origin":[320,128]},{"symbol":"img_fringeright","rect":[1884,1,78,768],"origin":[0,0]},{"symbol":"img_fringeleft","rect":[1964,1,78,768],"origin":[0,0]},{"symbol":"img_temple","rect":[1476,543,255,190],"origin":[0,0]},{"symbol":"img_alignment_background","rect":[1027,1214,712,65],"origin":[350,0]},{"symbol":"img_festival","rect":[1476,735,255,176],"origin":[0,0]},{"symbol":"bolt","rect":[1733,543,119,177],"origin":[0,0]},{"symbol":"img_edittext","rect":[1733,771,268,43],"origin":[0,0]},{"symbol":"img_alignment_head","rect":[1733,816,81,66],"origin":[40,0]},{"symbol":"img_quetz_jaw","rect":[1733,722,97,41],"origin":[0,0]},{"symbol":"img_heart","rect":[1816,816,50,71],"origin":[0,0]},{"symbol":"img_villager_01","rect":[1868,816,50,57],"origin":[0,0]},{"symbol":"img_tlah_jaw","rect":[1920,816,67,34],"origin":[0,0]},{"symbol":"img_villager_03","rect":[2003,771,36,56],"origin":[0,0]},{"symbol":"img_villager_02","rect":[1990,829,36,56],"origin":[0,0]},{"symbol":"img_huitz_jaw","rect":[1920,852,58,22],"origin":[0,0]}]},{"file":"atlas1.png","textures":[{"symbol":"img_start_match","rect":[1,1,1024,768],"origin":[0,0]}]},{"file":"atlas2.png","textures":[{"symbol":"img_start_win","rect":[1,1,1024,768],"origin":[0,0]}]}]}],"movies":[{"id":"HUITZ","layers":[{"keyframes":[{"index":0,"duration":14},{"pivot":[59.55,88.45],"loc":[11.015,-160.0003],"skew":[0.7854,0.7854],"index":14,"ref":"bolt","duration":16},{"pivot":[59.55,88.45],"loc":[-725.435,3.6497],"skew":[0.7854,0.7854],"index":30,"ref":"bolt","duration":1}],"name":"Layer 1"},{"keyframes":[{"pivot":[202.5,270],"loc":[46.5,-209],"index":0,"tweened":false,"ref":"img_huitz","duration":31}],"name":"Layer 2"},{"keyframes":[{"pivot":[29.05,11.05],"loc":[13.8689,-159.3334],"skew":[0.3661,0.3661],"index":0,"ref":"img_huitz_jaw","duration":14},{"pivot":[29,11],"loc":[15,-147.95],"index":14,"tweened":false,"ref":"img_huitz_jaw","duration":17}],"name":"Layer 3"}]},{"id":"QUETZ","layers":[{"keyframes":[{"index":0,"duration":15},{"pivot":[59.5,88.5],"loc":[-11.9851,-296.9652],"skew":[0.2618,0.2618],"index":15,"ref":"bolt","duration":14},{"pivot":[59.5,88.45],"loc":[-670.9208,-1.0153],"skew":[0.2618,0.2618],"index":29,"ref":"bolt","duration":1}],"name":"Layer 3"},{"keyframes":[{"pivot":[223.5,208.5],"loc":[58.5,-197.4],"index":0,"tweened":false,"ref":"img_quetz","duration":30}],"name":"Layer 1"},{"keyframes":[{"pivot":[48.45,20.45],"loc":[-59.0014,-235.9813],"skew":[0.7854,0.7854],"index":0,"ref":"img_quetz_jaw","duration":14},{"pivot":[48.45,20.5],"loc":[-52.9458,-219.9386],"skew":[-0.2618,-0.2618],"index":14,"ref":"img_quetz_jaw","duration":1},{"pivot":[48.45,20.5],"loc":[-52.9458,-219.9386],"skew":[-0.2618,-0.2618],"index":15,"ref":"img_quetz_jaw","duration":15}],"name":"Layer 2"}]},{"id":"TLAH","layers":[{"keyframes":[{"index":0,"duration":14},{"pivot":[59.45,88.45],"loc":[40.6845,-261.1287],"skew":[0.2618,0.2618],"index":14,"ref":"bolt","duration":16},{"pivot":[59.5,88.5],"loc":[-645.52,-11.5074],"skew":[0.5236,0.5236],"index":30,"ref":"bolt","duration":1}],"name":"Layer 1"},{"keyframes":[{"pivot":[224,267],"loc":[56,-163.05],"skew":[0,3.1416],"index":0,"tweened":false,"ref":"img_tlah","duration":14},{"pivot":[224,267],"loc":[56,-163.05],"skew":[0,3.1416],"index":14,"tweened":false,"ref":"img_tlah","duration":17}],"name":"body"},{"keyframes":[{"pivot":[33.5,17],"loc":[-30,-195.95],"skew":[0,3.1416],"index":0,"ref":"img_tlah_jaw","duration":14},{"pivot":[33.45,17.05],"loc":[-19.9963,-195.9418],"skew":[-0.7854,2.3562],"index":14,"tweened":false,"ref":"img_tlah_jaw","duration":17}],"name":"Layer 2"}]},{"id":"background","layers":[{"keyframes":[{"pivot":[512,384],"loc":[512,384],"index":0,"tweened":false,"ref":"img_background","duration":1}],"name":"Layer 1"}]},{"id":"festival","layers":[{"keyframes":[{"pivot":[127.5,88],"loc":[-1,-72],"index":0,"tweened":false,"ref":"img_festival","duration":1}],"name":"Layer 1"}]},{"id":"heart","layers":[{"keyframes":[{"pivot":[25,35.5],"loc":[0,10.5],"index":0,"tweened":false,"ref":"img_heart","duration":1}],"name":"Layer 1"}]},{"id":"intro_screen","layers":[{"keyframes":[{"pivot":[512,384],"loc":[512,384],"index":0,"tweened":false,"ref":"~symbols/screen_base","duration":1}],"name":"bg"},{"keyframes":[{"pivot":[223.5,208.5],"loc":[678.9324,498.9326],"scale":[0.91,0.91],"index":0,"tweened":false,"ref":"img_quetz","duration":1}],"name":"quetz"},{"keyframes":[{"pivot":[48.5,20.5],"loc":[576.9344,479.9548],"scale":[0.91,0.91],"index":0,"tweened":false,"ref":"img_quetz_jaw","duration":1}],"name":"jaw"},{"keyframes":[{"pivot":[134,21.5],"loc":[289.95,639.95],"index":0,"tweened":false,"ref":"img_edittext","duration":1}],"name":"textbox"}]},{"id":"sacrifice","layers":[{"keyframes":[{"pivot":[0,10.5],"loc":[0,0.0249],"scale":[1.05,1.05],"ease":-1,"index":0,"ref":"heart","duration":7},{"pivot":[0,10.5],"loc":[0,0.0649],"scale":[3.63,3.63],"index":7,"ref":"heart","duration":1},{"index":8,"duration":1}],"name":"heart"},{"keyframes":[{"index":0,"duration":8},{"pivot":[320,128],"loc":[11,0],"scale":[0.46,0.46],"ease":-1,"index":8,"ref":"img_blood","duration":6},{"pivot":[320,128],"loc":[11,0],"skew":[0.4189,0.4189],"ease":-1,"index":14,"ref":"img_blood","duration":20},{"pivot":[320,128],"loc":[11,50],"alpha":0,"skew":[0.4189,0.4189],"index":34,"ref":"img_blood","duration":1}],"name":"blood"}]},{"id":"temple","layers":[{"keyframes":[{"pivot":[127,99.5],"loc":[-12,-74.5],"index":0,"tweened":false,"ref":"img_temple","duration":1}],"name":"Layer 1"}]},{"id":"villager_01","layers":[{"keyframes":[{"pivot":[121.45,138.45],"loc":[96.5,81.55],"ease":-1,"index":0,"ref":"img_villager_01","duration":9},{"pivot":[121.45,138.45],"loc":[96.5,69.55],"ease":1,"index":9,"ref":"img_villager_01","duration":10},{"pivot":[121.45,138.45],"loc":[96.5,81.55],"index":19,"ref":"img_villager_01","duration":1}],"name":"Layer 1"}]},{"id":"villager_02","layers":[{"keyframes":[{"pivot":[87.45,136.05],"loc":[68.55,80.15],"ease":-1,"index":0,"ref":"img_villager_02","duration":9},{"pivot":[87.45,136.05],"loc":[68.5,68.15],"ease":1,"index":9,"ref":"img_villager_02","duration":10},{"pivot":[87.45,136.05],"loc":[68.5,80.15],"index":19,"ref":"img_villager_02","duration":1}],"name":"Layer 1"}]},{"id":"villager_03","layers":[{"keyframes":[{"pivot":[87.45,136.05],"loc":[67.5,80.1],"ease":-1,"index":0,"ref":"img_villager_03","duration":9},{"pivot":[87.45,136.05],"loc":[67.5,68.1],"ease":1,"index":9,"ref":"img_villager_03","duration":10},{"pivot":[87.45,136.05],"loc":[67.5,80.1],"index":19,"ref":"img_villager_03","duration":1}],"name":"Layer 1"}]},{"id":"~symbols/screen_base","layers":[{"keyframes":[{"pivot":[512,384],"loc":[512,384],"index":0,"tweened":false,"ref":"img_background","duration":1}],"name":"bg"},{"keyframes":[{"pivot":[39,384],"loc":[39,384],"index":0,"tweened":false,"ref":"img_fringeleft","duration":1}],"name":"fringe-left"},{"keyframes":[{"pivot":[39,384],"loc":[984.95,384],"index":0,"tweened":false,"ref":"img_fringeright","duration":1}],"name":"fringe-right"}]}],"frameRate":30,"md5":"39f2b374313c16ba92f6a7ab91abe322"}