{"textureGroups":[{"scaleFactor":1,"atlases":[{"textures":[{"symbol":"img_start_lose","rect":[1,1,1024,768],"origin":[0,0]},{"symbol":"img_start_match","rect":[1,771,1024,768],"origin":[0,0]},{"symbol":"img_temple","rect":[1027,1,255,190],"origin":[0,0]},{"symbol":"img_alignment_background","rect":[1284,1,712,65],"origin":[350,0]},{"symbol":"img_festival","rect":[1284,68,255,176],"origin":[0,0]},{"symbol":"img_alignment_head","rect":[1541,68,81,66],"origin":[40,0]},{"symbol":"img_heart","rect":[1624,68,50,71],"origin":[0,0]},{"symbol":"img_villager_01","rect":[1676,68,50,57],"origin":[0,0]},{"symbol":"img_villager_02","rect":[1998,1,36,56],"origin":[0,0]},{"symbol":"img_villager_03","rect":[1998,59,36,56],"origin":[0,0]}],"file":"atlas0.png"},{"textures":[{"symbol":"img_background","rect":[1,1,1024,768],"origin":[0,0]},{"symbol":"img_start_win","rect":[1,771,1024,768],"origin":[0,0]}],"file":"atlas1.png"},{"textures":[{"symbol":"img_intro","rect":[1,1,1024,768],"origin":[0,0]}],"file":"atlas2.png"}]}],"frameRate":24,"md5":"346974c5fbf467ed22c5546cef6b3d53","movies":[{"layers":[{"name":"Layer 1","keyframes":[{"loc":[512,384],"duration":1,"index":0,"pivot":[512,384],"ref":"img_background","tweened":false}]}],"id":"background"},{"layers":[{"name":"Layer 1","keyframes":[{"loc":[-1,-72],"duration":1,"index":0,"pivot":[127.5,88],"ref":"img_festival","tweened":false}]}],"id":"festival"},{"layers":[{"name":"Layer 1","keyframes":[{"loc":[0,10.5],"duration":1,"index":0,"pivot":[25,35.5],"ref":"img_heart","tweened":false}]}],"id":"heart"},{"layers":[{"name":"Layer 1","keyframes":[{"loc":[-12,-74.5],"duration":1,"index":0,"pivot":[127,99.5],"ref":"img_temple","tweened":false}]}],"id":"temple"},{"layers":[{"name":"Layer 1","keyframes":[{"loc":[96.5,81.55],"duration":1,"index":0,"pivot":[121.5,138.5],"ref":"img_villager_01","tweened":false}]}],"id":"villager_01"},{"layers":[{"name":"Layer 1","keyframes":[{"loc":[-1,-28],"duration":1,"index":0,"pivot":[18,28],"ref":"img_villager_02","tweened":false}]}],"id":"villager_02"},{"layers":[{"name":"Layer 1","keyframes":[{"loc":[-2,-28],"duration":1,"index":0,"pivot":[18,28],"ref":"img_villager_03","tweened":false}]}],"id":"villager_03"}]}