{"textureGroups":[{"atlases":[{"textures":[{"symbol":"img_background","rect":[1,1,1024,768],"origin":[0,0]},{"symbol":"img_start_match","rect":[1,771,1024,768],"origin":[0,0]},{"symbol":"img_tlah","rect":[1027,1,448,534],"origin":[0,0]},{"symbol":"img_huitz","rect":[1477,1,405,540],"origin":[0,0]},{"symbol":"img_quetz","rect":[1027,537,447,417],"origin":[0,0]},{"symbol":"img_blood","rect":[1027,956,640,256],"origin":[320,128]},{"symbol":"img_temple","rect":[1476,543,255,190],"origin":[0,0]},{"symbol":"img_alignment_background","rect":[1027,1214,712,65],"origin":[350,0]},{"symbol":"img_festival","rect":[1733,543,255,176],"origin":[0,0]},{"symbol":"bolt","rect":[1884,1,119,177],"origin":[0,0]},{"symbol":"img_alignment_head","rect":[1884,180,81,66],"origin":[40,0]},{"symbol":"img_quetz_jaw","rect":[1884,248,97,41],"origin":[0,0]},{"symbol":"img_heart","rect":[1983,180,50,71],"origin":[0,0]},{"symbol":"img_villager_01","rect":[1983,253,50,57],"origin":[0,0]},{"symbol":"img_tlah_jaw","rect":[1884,291,67,34],"origin":[0,0]},{"symbol":"img_villager_02","rect":[2005,1,36,56],"origin":[0,0]},{"symbol":"img_villager_03","rect":[2005,59,36,56],"origin":[0,0]},{"symbol":"img_huitz_jaw","rect":[1953,312,58,22],"origin":[0,0]}],"file":"atlas0.png"},{"textures":[{"symbol":"img_start_win","rect":[1,1,1024,768],"origin":[0,0]},{"symbol":"img_start_lose","rect":[1,771,1024,768],"origin":[0,0]}],"file":"atlas1.png"},{"textures":[{"symbol":"img_intro","rect":[1,1,1024,768],"origin":[0,0]}],"file":"atlas2.png"}],"scaleFactor":1}],"frameRate":30,"movies":[{"layers":[{"name":"Layer 1","keyframes":[{"index":0,"duration":14},{"loc":[11.015,-160.0003],"pivot":[59.55,88.45],"skew":[0.7854,0.7854],"duration":16,"index":14,"ref":"bolt"},{"loc":[-725.435,3.6497],"pivot":[59.55,88.45],"skew":[0.7854,0.7854],"duration":1,"index":30,"ref":"bolt"}]},{"name":"Layer 2","keyframes":[{"duration":31,"loc":[46.5,-209],"pivot":[202.5,270],"tweened":false,"index":0,"ref":"img_huitz"}]},{"name":"Layer 3","keyframes":[{"loc":[13.8689,-159.3334],"pivot":[29.05,11.05],"skew":[0.3661,0.3661],"duration":14,"index":0,"ref":"img_huitz_jaw"},{"duration":17,"loc":[15,-147.95],"pivot":[29,11],"tweened":false,"index":14,"ref":"img_huitz_jaw"}]}],"id":"HUITZ"},{"layers":[{"name":"Layer 3","keyframes":[{"index":0,"duration":15},{"loc":[-11.9851,-296.9652],"pivot":[59.5,88.5],"skew":[0.2618,0.2618],"duration":14,"index":15,"ref":"bolt"},{"loc":[-670.9208,-1.0153],"pivot":[59.5,88.45],"skew":[0.2618,0.2618],"duration":1,"index":29,"ref":"bolt"}]},{"name":"Layer 1","keyframes":[{"duration":30,"loc":[58.5,-197.4],"pivot":[223.5,208.5],"tweened":false,"index":0,"ref":"img_quetz"}]},{"name":"Layer 2","keyframes":[{"loc":[-59.0014,-235.9813],"pivot":[48.45,20.45],"skew":[0.7854,0.7854],"duration":14,"index":0,"ref":"img_quetz_jaw"},{"loc":[-52.9458,-219.9386],"pivot":[48.45,20.5],"skew":[-0.2618,-0.2618],"duration":1,"index":14,"ref":"img_quetz_jaw"},{"loc":[-52.9458,-219.9386],"pivot":[48.45,20.5],"skew":[-0.2618,-0.2618],"duration":15,"index":15,"ref":"img_quetz_jaw"}]}],"id":"QUETZ"},{"layers":[{"name":"Layer 1","keyframes":[{"index":0,"duration":14},{"loc":[40.6845,-261.1287],"pivot":[59.45,88.45],"skew":[0.2618,0.2618],"duration":16,"index":14,"ref":"bolt"},{"loc":[-645.52,-11.5074],"pivot":[59.5,88.5],"skew":[0.5236,0.5236],"duration":1,"index":30,"ref":"bolt"}]},{"name":"body","keyframes":[{"tweened":false,"loc":[56,-163.05],"pivot":[224,267],"skew":[0,3.1416],"duration":14,"index":0,"ref":"img_tlah"},{"tweened":false,"loc":[56,-163.05],"pivot":[224,267],"skew":[0,3.1416],"duration":17,"index":14,"ref":"img_tlah"}]},{"name":"Layer 2","keyframes":[{"loc":[-30,-195.95],"pivot":[33.5,17],"skew":[0,3.1416],"duration":14,"index":0,"ref":"img_tlah_jaw"},{"tweened":false,"loc":[-19.9963,-195.9418],"pivot":[33.45,17.05],"skew":[-0.7854,2.3562],"duration":17,"index":14,"ref":"img_tlah_jaw"}]}],"id":"TLAH"},{"layers":[{"name":"Layer 1","keyframes":[{"duration":1,"loc":[512,384],"pivot":[512,384],"tweened":false,"index":0,"ref":"img_background"}]}],"id":"background"},{"layers":[{"name":"Layer 1","keyframes":[{"duration":1,"loc":[-1,-72],"pivot":[127.5,88],"tweened":false,"index":0,"ref":"img_festival"}]}],"id":"festival"},{"layers":[{"name":"Layer 1","keyframes":[{"duration":1,"loc":[0,10.5],"pivot":[25,35.5],"tweened":false,"index":0,"ref":"img_heart"}]}],"id":"heart"},{"layers":[{"name":"heart","keyframes":[{"ease":-1,"scale":[1.05,1.05],"loc":[0,0.0249],"pivot":[0,10.5],"duration":7,"index":0,"ref":"heart"},{"scale":[3.63,3.63],"loc":[0,0.0649],"pivot":[0,10.5],"duration":1,"index":7,"ref":"heart"},{"index":8,"duration":1}]},{"name":"blood","keyframes":[{"index":0,"duration":8},{"ease":-1,"scale":[0.46,0.46],"loc":[11,0],"pivot":[320,128],"duration":6,"index":8,"ref":"img_blood"},{"ease":-1,"loc":[11,0],"pivot":[320,128],"skew":[0.4189,0.4189],"duration":20,"index":14,"ref":"img_blood"},{"loc":[11,50],"pivot":[320,128],"alpha":0,"skew":[0.4189,0.4189],"duration":1,"index":34,"ref":"img_blood"}]}],"id":"sacrifice"},{"layers":[{"name":"Layer 1","keyframes":[{"duration":1,"loc":[-12,-74.5],"pivot":[127,99.5],"tweened":false,"index":0,"ref":"img_temple"}]}],"id":"temple"},{"layers":[{"name":"Layer 1","keyframes":[{"ease":-1,"loc":[96.5,81.55],"pivot":[121.45,138.45],"duration":9,"index":0,"ref":"img_villager_01"},{"ease":1,"loc":[96.5,69.55],"pivot":[121.45,138.45],"duration":10,"index":9,"ref":"img_villager_01"},{"duration":1,"index":19,"loc":[96.5,81.55],"pivot":[121.45,138.45],"ref":"img_villager_01"}]}],"id":"villager_01"},{"layers":[{"name":"Layer 1","keyframes":[{"ease":-1,"loc":[68.55,80.15],"pivot":[87.45,136.05],"duration":9,"index":0,"ref":"img_villager_02"},{"ease":1,"loc":[68.5,68.15],"pivot":[87.45,136.05],"duration":10,"index":9,"ref":"img_villager_02"},{"duration":1,"index":19,"loc":[68.5,80.15],"pivot":[87.45,136.05],"ref":"img_villager_02"}]}],"id":"villager_02"},{"layers":[{"name":"Layer 1","keyframes":[{"ease":-1,"loc":[67.5,80.1],"pivot":[87.45,136.05],"duration":9,"index":0,"ref":"img_villager_03"},{"ease":1,"loc":[67.5,68.1],"pivot":[87.45,136.05],"duration":10,"index":9,"ref":"img_villager_03"},{"duration":1,"index":19,"loc":[67.5,80.1],"pivot":[87.45,136.05],"ref":"img_villager_03"}]}],"id":"villager_03"}],"md5":"1d52745c80fc2546a902def89b80f82a"}