{"textureGroups":[{"atlases":[{"textures":[{"symbol":"img_start_lose","rect":[1,1,1024,768],"origin":[0,0]},{"symbol":"img_start_match","rect":[1,771,1024,768],"origin":[0,0]},{"symbol":"img_temple","rect":[1027,1,255,190],"origin":[0,0]},{"symbol":"img_alignment_background","rect":[1284,1,712,65],"origin":[350,0]},{"symbol":"img_festival","rect":[1284,68,255,176],"origin":[0,0]},{"symbol":"img_alignment_head","rect":[1541,68,81,66],"origin":[40,0]},{"symbol":"img_heart","rect":[1624,68,50,71],"origin":[0,0]},{"symbol":"img_villager_01","rect":[1676,68,50,57],"origin":[0,0]},{"symbol":"img_villager_02","rect":[1998,1,36,56],"origin":[0,0]},{"symbol":"img_villager_03","rect":[1998,59,36,56],"origin":[0,0]}],"file":"atlas0.png"},{"textures":[{"symbol":"img_background","rect":[1,1,1024,768],"origin":[0,0]},{"symbol":"img_start_win","rect":[1,771,1024,768],"origin":[0,0]}],"file":"atlas1.png"},{"textures":[{"symbol":"img_intro","rect":[1,1,1024,768],"origin":[0,0]}],"file":"atlas2.png"}],"scaleFactor":1}],"frameRate":30,"movies":[{"layers":[{"name":"Layer 1","keyframes":[{"duration":1,"loc":[512,384],"pivot":[512,384],"tweened":false,"index":0,"ref":"img_background"}]}],"id":"background"},{"layers":[{"name":"Layer 1","keyframes":[{"duration":1,"loc":[-1,-72],"pivot":[127.5,88],"tweened":false,"index":0,"ref":"img_festival"}]}],"id":"festival"},{"layers":[{"name":"Layer 1","keyframes":[{"duration":1,"loc":[0,10.5],"pivot":[25,35.5],"tweened":false,"index":0,"ref":"img_heart"}]}],"id":"heart"},{"layers":[{"name":"Layer 1","keyframes":[{"duration":1,"loc":[-12,-74.5],"pivot":[127,99.5],"tweened":false,"index":0,"ref":"img_temple"}]}],"id":"temple"},{"layers":[{"name":"Layer 1","keyframes":[{"ease":-1,"loc":[96.5,81.55],"pivot":[121.5,138.5],"duration":9,"index":0,"ref":"img_villager_01"},{"ease":1,"loc":[96.5,69.55],"pivot":[121.5,138.5],"duration":10,"index":9,"ref":"img_villager_01"},{"duration":1,"index":19,"loc":[96.5,81.55],"pivot":[121.5,138.5],"ref":"img_villager_01"}]}],"id":"villager_01"},{"layers":[{"name":"Layer 1","keyframes":[{"ease":-1,"loc":[68.5,80.1],"pivot":[87.45,136.05],"duration":9,"index":0,"ref":"img_villager_02"},{"ease":1,"loc":[68.5,68.1],"pivot":[87.45,136.05],"duration":10,"index":9,"ref":"img_villager_02"},{"duration":1,"index":19,"loc":[68.5,80.1],"pivot":[87.45,136.05],"ref":"img_villager_02"}]}],"id":"villager_02"},{"layers":[{"name":"Layer 1","keyframes":[{"ease":-1,"loc":[67.5,80.1],"pivot":[87.45,136.05],"duration":9,"index":0,"ref":"img_villager_03"},{"ease":1,"loc":[67.5,68.1],"pivot":[87.45,136.05],"duration":10,"index":9,"ref":"img_villager_03"},{"duration":1,"index":19,"loc":[67.5,80.1],"pivot":[87.45,136.05],"ref":"img_villager_03"}]}],"id":"villager_03"}],"md5":"773fec4a957c52924762caeebd233587"}