{"textureGroups":[{"scaleFactor":1,"atlases":[{"file":"atlas0.png","textures":[{"symbol":"img_background","rect":[1,1,1024,768],"origin":[0,0]},{"symbol":"img_tlah","rect":[1027,1,448,534],"origin":[0,0]},{"symbol":"img_huitz","rect":[1477,1,405,540],"origin":[0,0]},{"symbol":"img_quetz","rect":[1027,537,447,417],"origin":[0,0]},{"symbol":"img_blood","rect":[1,771,640,256],"origin":[320,128]},{"symbol":"img_quetz_glow","rect":[1476,543,413,392],"origin":[0,0]},{"symbol":"img_fringeleft","rect":[643,956,768,79],"origin":[0,0]},{"symbol":"img_fringeright","rect":[1,1037,768,79],"origin":[0,0]},{"symbol":"img_temple_blood","rect":[1476,937,255,190],"origin":[0,0]},{"symbol":"img_temple","rect":[1733,937,255,190],"origin":[0,0]},{"symbol":"img_festival","rect":[643,771,255,176],"origin":[0,0]},{"symbol":"img_temple_broken","rect":[771,1037,255,170],"origin":[0,0]},{"symbol":"bolt","rect":[1884,1,119,177],"origin":[0,0]},{"symbol":"img_edittext","rect":[1028,1037,268,43],"origin":[0,0]},{"symbol":"img_alignment_head","rect":[1884,180,81,66],"origin":[40,0]},{"symbol":"img_health","rect":[1967,180,69,69],"origin":[0,0]},{"symbol":"img_shield","rect":[1884,248,57,70],"origin":[0,0]},{"symbol":"img_quetz_jaw","rect":[1943,251,97,41],"origin":[0,0]},{"symbol":"img_smiley","rect":[1943,294,60,60],"origin":[0,0]},{"symbol":"img_frowny","rect":[1884,356,60,60],"origin":[0,0]},{"symbol":"img_heart","rect":[1946,356,50,71],"origin":[0,0]},{"symbol":"img_worship","rect":[1884,429,110,30],"origin":[-2,-4.4]},{"symbol":"img_villager_01","rect":[1996,429,50,57],"origin":[0,0]},{"symbol":"img_sacrifice_prompt","rect":[1884,461,107,24],"origin":[-2.85,-4.2]},{"symbol":"img_festival_prompt","rect":[1884,487,103,24],"origin":[-3.3,-4.4]},{"symbol":"img_tlah_jaw","rect":[1891,513,67,34],"origin":[0,0]},{"symbol":"img_villager_02","rect":[2005,1,36,56],"origin":[0,0]},{"symbol":"img_villager_03","rect":[2005,59,36,56],"origin":[0,0]},{"symbol":"img_huitz_jaw","rect":[1989,488,58,22],"origin":[0,0]},{"symbol":"img_headdress","rect":[2005,117,39,26],"origin":[0,0]},{"symbol":"img_plus","rect":[2005,145,25,22],"origin":[-3.3,-6.15]},{"symbol":"img_minus","rect":[2005,294,18,22],"origin":[-2,-6.15]},{"symbol":"img_alignment_background","rect":[2005,169,41,4],"origin":[0,0]}]}]}],"movies":[{"id":"HUITZ","layers":[{"keyframes":[{"index":0,"duration":14},{"pivot":[59.55,88.45],"skew":[0.7854,0.7854],"loc":[11.015,-160.0003],"duration":16,"index":14,"ref":"bolt"},{"pivot":[59.55,88.45],"skew":[0.7854,0.7854],"loc":[-725.435,3.6497],"duration":1,"index":30,"ref":"bolt"},{"index":31,"duration":1}],"name":"Layer 1"},{"keyframes":[{"pivot":[202.5,270],"loc":[46.5,-209],"duration":31,"index":0,"tweened":false,"ref":"img_huitz"},{"pivot":[202.5,270],"loc":[46.5,-209],"duration":1,"index":31,"tweened":false,"ref":"img_huitz"}],"name":"Layer 2"},{"keyframes":[{"pivot":[29.05,11.05],"skew":[0.3661,0.3661],"loc":[13.8689,-159.3334],"duration":14,"index":0,"ref":"img_huitz_jaw"},{"pivot":[29,11],"loc":[15,-147.95],"duration":17,"index":14,"tweened":false,"ref":"img_huitz_jaw"},{"pivot":[29,11],"loc":[15,-147.95],"duration":1,"index":31,"tweened":false,"ref":"img_huitz_jaw"}],"name":"Layer 3"}]},{"id":"QUETZ","layers":[{"keyframes":[{"index":0,"duration":15},{"scale":[0.4996,0.4996],"skew":[0.2621,0.262],"loc":[-11.9937,-296.9463],"duration":14,"pivot":[59.5,88.5],"index":15,"ref":"bolt"},{"scale":[0.4996,0.4996],"skew":[0.262,0.262],"loc":[-670.9005,-1.0093],"duration":1,"pivot":[59.6,88.55],"index":29,"ref":"bolt"},{"index":30,"duration":1}],"name":"Layer 3"},{"keyframes":[{"pivot":[223.5,208.5],"loc":[58.5,-197.4],"duration":30,"index":0,"tweened":false,"ref":"img_quetz"},{"pivot":[223.5,208.5],"loc":[58.5,-197.4],"duration":1,"index":30,"tweened":false,"ref":"img_quetz"}],"name":"Layer 1"},{"keyframes":[{"pivot":[48.45,20.45],"skew":[0.7854,0.7854],"loc":[-59.0014,-235.9813],"duration":14,"index":0,"ref":"img_quetz_jaw"},{"pivot":[48.45,20.5],"skew":[-0.2618,-0.2618],"loc":[-52.9458,-219.9386],"duration":1,"index":14,"ref":"img_quetz_jaw"},{"pivot":[48.45,20.5],"skew":[-0.2618,-0.2618],"loc":[-52.9458,-219.9386],"duration":15,"index":15,"ref":"img_quetz_jaw"},{"pivot":[48.45,20.5],"skew":[-0.2618,-0.2618],"loc":[-52.9458,-219.9386],"duration":1,"index":30,"ref":"img_quetz_jaw"}],"name":"Layer 2"}]},{"id":"TLAH","layers":[{"keyframes":[{"index":0,"duration":14},{"scale":[1.4988,1.4988],"skew":[0.258,0.258],"loc":[40.7331,-261.141],"duration":16,"pivot":[59.45,88.45],"index":14,"ref":"bolt"},{"scale":[1.4979,1.4979],"skew":[0.5211,0.5211],"loc":[-645.5175,-11.5303],"duration":1,"pivot":[59.5,88.45],"index":30,"ref":"bolt"},{"index":31,"duration":1}],"name":"Layer 1"},{"keyframes":[{"pivot":[224,267],"skew":[0,3.1416],"loc":[56,-163.05],"duration":14,"index":0,"tweened":false,"ref":"img_tlah"},{"pivot":[224,267],"skew":[0,3.1416],"loc":[56,-163.05],"duration":17,"index":14,"tweened":false,"ref":"img_tlah"},{"pivot":[224,267],"skew":[0,3.1416],"loc":[56,-163.05],"duration":1,"index":31,"tweened":false,"ref":"img_tlah"}],"name":"body"},{"keyframes":[{"pivot":[33.5,17],"skew":[0,3.1416],"loc":[-30,-195.95],"duration":14,"index":0,"ref":"img_tlah_jaw"},{"pivot":[33.45,17.05],"skew":[-0.7854,2.3562],"loc":[-19.9963,-195.9418],"duration":17,"index":14,"tweened":false,"ref":"img_tlah_jaw"},{"pivot":[33.45,17.05],"skew":[-0.7854,2.3562],"loc":[-19.9963,-195.9418],"duration":1,"index":31,"tweened":false,"ref":"img_tlah_jaw"}],"name":"Layer 2"}]},{"id":"affinity","layers":[{"keyframes":[{"pivot":[6,32.45],"loc":[147.8053,32.45],"duration":1,"scale":[14.6342,1],"index":0,"tweened":false,"ref":"img_alignment_background"}],"name":"bar"},{"keyframes":[{"pivot":[30,30],"loc":[30,0],"duration":1,"index":0,"tweened":false,"ref":"img_frowny"}],"name":"angry"},{"keyframes":[{"pivot":[30,30],"loc":[690,0],"duration":1,"index":0,"tweened":false,"ref":"img_smiley"}],"name":"happy"},{"keyframes":[{"pivot":[40.5,33],"loc":[618.5,0],"duration":1,"index":0,"tweened":false,"ref":"img_alignment_head"}],"name":"head"}]},{"id":"background","layers":[{"keyframes":[{"pivot":[512,384],"loc":[512,384],"duration":1,"index":0,"tweened":false,"ref":"img_background"}],"name":"Layer 1"}]},{"id":"festival","layers":[{"keyframes":[{"pivot":[127.5,88],"loc":[0,5],"duration":1,"index":0,"tweened":false,"ref":"img_festival"}],"name":"Layer 1"}]},{"id":"festival_header","layers":[{"keyframes":[{"pivot":[63.1,13.6],"loc":[66.4,-17.7],"duration":1,"index":0,"tweened":false,"ref":"img_festival_prompt"}],"name":"text"},{"keyframes":[{"pivot":[28.55,35],"loc":[128.5073,-18.0002],"duration":1,"scale":[0.65,0.65],"index":0,"tweened":false,"ref":"img_smiley"}],"name":"smiley"},{"keyframes":[{"pivot":[6.3,11.85],"loc":[107,-15],"duration":1,"index":0,"tweened":false,"ref":"img_plus"}],"name":"plus"}]},{"id":"heart","layers":[{"keyframes":[{"pivot":[25,35.5],"loc":[0,10.5],"duration":1,"index":0,"tweened":false,"ref":"img_heart"}],"name":"Layer 1"}]},{"id":"intro_screen","layers":[{"keyframes":[{"pivot":[512,384],"loc":[512,384],"duration":1,"index":0,"tweened":false,"ref":"~symbols/screen_base"}],"name":"bg"},{"keyframes":[{"pivot":[134,21.5],"loc":[290,640.5],"duration":1,"index":0,"tweened":false,"ref":"img_edittext"}],"name":"textbox"},{"keyframes":[{"pivot":[223.5,208.5],"loc":[874.029,860.8794],"duration":1,"scale":[0.91,0.91],"index":0,"tweened":false,"ref":"~symbols/quetz_whole"}],"name":"quetz"}]},{"id":"lose_screen","layers":[{"keyframes":[{"pivot":[512,384],"loc":[512,384],"duration":1,"index":0,"tweened":false,"ref":"~symbols/screen_base"}],"name":"bg"},{"keyframes":[{"pivot":[202.55,270],"loc":[706.985,505.9474],"duration":1,"scale":[0.74,0.74],"index":0,"tweened":false,"ref":"img_huitz"}],"name":"huitz"},{"keyframes":[{"pivot":[25,35.5],"loc":[528.95,497.95],"duration":1,"index":0,"tweened":false,"ref":"img_heart"}],"name":"heart1"},{"keyframes":[{"pivot":[25,35.5],"loc":[557.95,415.95],"duration":1,"index":0,"tweened":false,"ref":"img_heart"}],"name":"heart2"},{"keyframes":[{"pivot":[25,35.5],"loc":[605.95,356.65],"duration":1,"index":0,"tweened":false,"ref":"img_heart"}],"name":"heart3"},{"keyframes":[{"pivot":[134,21.5],"loc":[290,639.95],"duration":1,"index":0,"tweened":false,"ref":"img_edittext"}],"name":"textbox"}]},{"id":"new_match_screen","layers":[{"keyframes":[{"pivot":[512,384],"loc":[512,384],"duration":1,"index":0,"tweened":false,"ref":"img_background"}],"name":"bg"},{"keyframes":[{"pivot":[0,-189.75],"loc":[412.95,377.0047],"duration":1,"scale":[0.41,0.41],"index":0,"tweened":false,"ref":"~symbols/quetz_whole"}],"name":"quetz"},{"keyframes":[{"scale":[0.4034,0.4034],"skew":[0.5236,0.5236],"loc":[298.8991,377.9929],"duration":1,"pivot":[59.45,88.6],"index":0,"tweened":false,"ref":"bolt"}],"name":"bolt"},{"keyframes":[{"pivot":[127.5,84.75],"loc":[214.9491,414.5053],"duration":1,"scale":[0.4431,0.4431],"index":0,"tweened":false,"ref":"img_temple_broken"}],"name":"temple"},{"keyframes":[{"pivot":[25,28.5],"loc":[186.9956,238],"duration":1,"scale":[0.9298,0.9298],"index":0,"tweened":false,"ref":"img_villager_01"}],"name":"villager"},{"keyframes":[{"pivot":[25,35.5],"loc":[552.45,234.49],"duration":1,"scale":[0.78,0.78],"index":0,"tweened":false,"ref":"img_heart"}],"name":"heart"},{"keyframes":[{"pivot":[127.5,88.05],"loc":[428.4588,599.0055],"duration":1,"scale":[0.4589,0.4589],"index":0,"tweened":false,"ref":"img_festival"}],"name":"festival"},{"keyframes":[{"pivot":[127.6,95.05],"loc":[112.309,690.5],"duration":1,"scale":[0.4335,0.4335],"index":0,"tweened":false,"ref":"img_temple"}],"name":"temple-whole"},{"keyframes":[{"pivot":[134,21.5],"loc":[804.95,648.95],"duration":1,"index":0,"tweened":false,"ref":"img_edittext"}],"name":"textbox"}]},{"id":"sacrifice","layers":[{"keyframes":[{"ease":-1,"pivot":[0,10.5],"loc":[0,0.0249],"duration":7,"scale":[1.05,1.05],"index":0,"ref":"heart"},{"pivot":[0,10.5],"loc":[0,0.0649],"duration":1,"scale":[3.63,3.63],"index":7,"ref":"heart"},{"index":8,"duration":1}],"name":"heart"},{"keyframes":[{"index":0,"duration":8},{"ease":-1,"pivot":[320,128],"loc":[11,0],"duration":6,"scale":[0.46,0.46],"index":8,"ref":"img_blood"},{"ease":-1,"pivot":[320,128],"skew":[0.4189,0.4189],"loc":[11,0],"duration":20,"index":14,"ref":"img_blood"},{"pivot":[320,128],"skew":[0.4189,0.4189],"loc":[11,50],"alpha":0,"duration":1,"index":34,"ref":"img_blood"}],"name":"blood"}]},{"id":"sacrifice_header","layers":[{"keyframes":[{"pivot":[63.55,13.8],"loc":[66.4,-17.7],"duration":1,"index":0,"tweened":false,"ref":"img_sacrifice_prompt"}],"name":"text"},{"keyframes":[{"pivot":[28.55,35],"loc":[133.5151,-20.8505],"duration":1,"scale":[0.61,0.61],"index":0,"tweened":false,"ref":"img_heart"}],"name":"heart"},{"keyframes":[{"pivot":[6.3,11.85],"loc":[112,-15],"duration":1,"index":0,"tweened":false,"ref":"img_plus"}],"name":"plus"},{"keyframes":[{"pivot":[30,30],"loc":[196.4498,-19.0002],"duration":1,"scale":[0.65,0.65],"index":0,"tweened":false,"ref":"img_frowny"}],"name":"frown"},{"keyframes":[{"pivot":[30,30],"loc":[173.0498,-19.0002],"duration":1,"scale":[0.65,0.65],"index":0,"tweened":false,"ref":"img_frowny"}],"name":"frown"},{"keyframes":[{"pivot":[3.15,11.85],"loc":[154.25,-17],"duration":1,"index":0,"tweened":false,"ref":"img_minus"}],"name":"minus"}]},{"id":"temple","layers":[{"keyframes":[{"pivot":[127,99.5],"loc":[0,-74.5],"duration":1,"index":0,"tweened":false,"ref":"img_temple"},{"pivot":[127,99.5],"loc":[0,-74.5],"duration":1,"index":1,"tweened":false,"ref":"img_temple_blood"},{"pivot":[127,99.5],"loc":[0.5,-53.5],"duration":1,"index":2,"tweened":false,"ref":"img_temple_broken"}],"name":"temple"},{"keyframes":[{"pivot":[34.45,34.55],"loc":[-83.0029,-188.9479],"duration":1,"scale":[0.55,0.55],"index":0,"tweened":false,"ref":"img_health"},{"pivot":[34.45,34.55],"loc":[-83.0029,-188.9479],"duration":1,"scale":[0.55,0.55],"index":1,"tweened":false,"ref":"img_health"},{"pivot":[34.45,34.55],"loc":[-83.0029,-188.9479],"duration":1,"scale":[0.55,0.55],"index":2,"tweened":false,"ref":"img_health"}],"name":"health"},{"keyframes":[{"pivot":[28.55,35],"loc":[-82.9914,-230.9505],"duration":1,"scale":[0.58,0.58],"index":0,"tweened":false,"ref":"img_shield"},{"pivot":[28.55,35],"loc":[-82.9914,-230.9505],"duration":1,"scale":[0.58,0.58],"index":1,"tweened":false,"ref":"img_shield"},{"pivot":[28.55,35],"loc":[-82.9914,-230.9505],"duration":1,"scale":[0.58,0.58],"index":2,"tweened":false,"ref":"img_shield"}],"name":"defense"}]},{"id":"villager_1","layers":[{"keyframes":[{"ease":-1,"pivot":[121.45,138.45],"loc":[96.5,81.55],"duration":9,"index":0,"ref":"img_villager_01"},{"ease":1,"pivot":[121.45,138.45],"loc":[96.5,69.55],"duration":10,"index":9,"ref":"img_villager_01"},{"duration":1,"pivot":[121.45,138.45],"index":19,"loc":[96.5,81.55],"ref":"img_villager_01"}],"name":"Layer 1"}]},{"id":"villager_2","layers":[{"keyframes":[{"ease":-1,"pivot":[87.45,136.05],"loc":[68.55,80.15],"duration":9,"index":0,"ref":"img_villager_02"},{"ease":1,"pivot":[87.45,136.05],"loc":[68.5,68.15],"duration":10,"index":9,"ref":"img_villager_02"},{"duration":1,"pivot":[87.45,136.05],"index":19,"loc":[68.5,80.15],"ref":"img_villager_02"}],"name":"Layer 1"}]},{"id":"villager_3","layers":[{"keyframes":[{"ease":-1,"pivot":[87.45,136.05],"loc":[67.5,80.1],"duration":9,"index":0,"ref":"img_villager_03"},{"ease":1,"pivot":[87.45,136.05],"loc":[67.5,68.1],"duration":10,"index":9,"ref":"img_villager_03"},{"duration":1,"pivot":[87.45,136.05],"index":19,"loc":[67.5,80.1],"ref":"img_villager_03"}],"name":"Layer 1"}]},{"id":"villager_festival_1","layers":[{"keyframes":[{"pivot":[417.95,323],"loc":[418.95,296.45],"duration":1,"index":0,"tweened":false,"ref":"~symbols/villagers/villager_01_dance"}],"name":"Layer 1"}]},{"id":"villager_festival_2","layers":[{"keyframes":[{"pivot":[417.95,323],"loc":[419.95,297.45],"duration":1,"index":0,"tweened":false,"ref":"~symbols/villagers/villager_02_dance"}],"name":"Layer 1"}]},{"id":"villager_festival_3","layers":[{"keyframes":[{"pivot":[417.95,323],"loc":[419.95,297.45],"duration":1,"index":0,"tweened":false,"ref":"~symbols/villagers/villager_03_dance"}],"name":"Layer 1"}]},{"id":"villager_worship_1","layers":[{"keyframes":[{"ease":-1,"pivot":[121.45,138.45],"loc":[121.5,138.55],"duration":9,"index":0,"ref":"~symbols/villagers/villager_headdress_1"},{"ease":1,"pivot":[121.45,138.45],"loc":[121.5,126.55],"duration":10,"index":9,"ref":"~symbols/villagers/villager_headdress_1"},{"duration":1,"pivot":[121.45,138.45],"index":19,"loc":[121.5,138.55],"ref":"~symbols/villagers/villager_headdress_1"}],"name":"Layer 1"}]},{"id":"villager_worship_2","layers":[{"keyframes":[{"ease":-1,"pivot":[121.45,138.45],"loc":[121.5,138.55],"duration":9,"index":0,"ref":"~symbols/villagers/villager_headdress_2"},{"ease":1,"pivot":[121.45,138.45],"loc":[121.5,126.55],"duration":10,"index":9,"ref":"~symbols/villagers/villager_headdress_2"},{"duration":1,"pivot":[121.45,138.45],"index":19,"loc":[121.5,138.55],"ref":"~symbols/villagers/villager_headdress_2"}],"name":"Layer 1"}]},{"id":"villager_worship_3","layers":[{"keyframes":[{"ease":-1,"pivot":[121.45,138.45],"loc":[121.5,138.55],"duration":9,"index":0,"ref":"~symbols/villagers/villager_headdress_3"},{"ease":1,"pivot":[121.45,138.45],"loc":[121.5,126.55],"duration":10,"index":9,"ref":"~symbols/villagers/villager_headdress_3"},{"duration":1,"pivot":[121.45,138.45],"index":19,"loc":[121.5,138.55],"ref":"~symbols/villagers/villager_headdress_3"}],"name":"Layer 1"}]},{"id":"win_screen","layers":[{"keyframes":[{"pivot":[512,384],"loc":[512,384],"duration":1,"index":0,"tweened":false,"ref":"~symbols/screen_base"}],"name":"bg"},{"keyframes":[{"pivot":[134,21.5],"loc":[289.95,639.95],"duration":1,"index":0,"tweened":false,"ref":"img_edittext"}],"name":"textbox"},{"keyframes":[{"pivot":[206.5,196],"loc":[679.95,497.95],"duration":1,"index":0,"tweened":false,"ref":"img_quetz_glow"}],"name":"quetz"}]},{"id":"worship_header","layers":[{"keyframes":[{"pivot":[28.55,35],"loc":[131.0151,-20.3505],"duration":1,"scale":[0.61,0.61],"index":0,"tweened":false,"ref":"img_shield"}],"name":"icon"},{"keyframes":[{"pivot":[64.4,13.6],"loc":[66.4,-17.7],"duration":1,"index":0,"tweened":false,"ref":"img_worship"}],"name":"text"},{"keyframes":[{"pivot":[6.3,11.85],"loc":[112,-14],"duration":1,"index":0,"tweened":false,"ref":"img_plus"}],"name":"plus"}]},{"id":"~symbols/quetz_whole","layers":[{"keyframes":[{"pivot":[223.5,208.5],"loc":[0.029,-189.7206],"duration":1,"scale":[0.91,0.91],"index":0,"tweened":false,"ref":"img_quetz"}],"name":"Layer 1"},{"keyframes":[{"pivot":[48.5,20.5],"loc":[-101.9663,-208.6956],"duration":1,"scale":[0.91,0.91],"index":0,"tweened":false,"ref":"img_quetz_jaw"}],"name":"jaw"}]},{"id":"~symbols/screen_base","layers":[{"keyframes":[{"pivot":[512,384],"loc":[512,384],"duration":1,"index":0,"tweened":false,"ref":"img_background"}],"name":"bg"},{"keyframes":[{"pivot":[39,384],"skew":[1.5707,1.5707],"loc":[-305.9464,39.0352],"duration":1,"index":0,"tweened":false,"ref":"img_fringeleft"}],"name":"fringe-left"},{"keyframes":[{"pivot":[39,384],"skew":[1.5707,1.5707],"loc":[639.9536,39.0352],"duration":1,"index":0,"tweened":false,"ref":"img_fringeright"}],"name":"fringe-right"}]},{"id":"~symbols/villagers/villager_01_centered","layers":[{"keyframes":[{"duration":1,"pivot":[25,28.5],"index":0,"tweened":false,"ref":"img_villager_01"}],"name":"Layer 1"}]},{"id":"~symbols/villagers/villager_01_dance","layers":[{"keyframes":[{"duration":14,"ease":-1,"index":0,"loc":[0,0.5],"ref":"~symbols/villagers/villager_01_centered"},{"duration":10,"index":14,"loc":[0,-34.5],"ref":"~symbols/villagers/villager_01_centered","skew":[6.2832,6.2832]},{"skew":[6.2832,6.2832],"loc":[0,0.5],"duration":10,"index":24,"tweened":false,"ref":"~symbols/villagers/villager_01_centered"},{"skew":[6.2832,9.4248],"loc":[0,0.5],"duration":10,"index":34,"tweened":false,"ref":"~symbols/villagers/villager_01_centered"},{"skew":[6.2832,6.2832],"loc":[0,0.5],"duration":10,"index":44,"tweened":false,"ref":"~symbols/villagers/villager_01_centered"},{"skew":[6.2832,9.4248],"loc":[0,0.5],"duration":10,"index":54,"tweened":false,"ref":"~symbols/villagers/villager_01_centered"},{"skew":[6.2832,6.2832],"loc":[0,0.5],"duration":1,"index":64,"tweened":false,"ref":"~symbols/villagers/villager_01_centered"}],"name":"layer"}]},{"id":"~symbols/villagers/villager_02_centered","layers":[{"keyframes":[{"pivot":[25,28.5],"loc":[7,0],"duration":1,"index":0,"tweened":false,"ref":"img_villager_02"}],"name":"Layer 1"}]},{"id":"~symbols/villagers/villager_02_dance","layers":[{"keyframes":[{"duration":14,"ease":-1,"index":0,"loc":[-0.05,0],"ref":"~symbols/villagers/villager_02_centered"},{"duration":10,"index":14,"loc":[-0.05,-35],"ref":"~symbols/villagers/villager_02_centered","skew":[6.2832,6.2832]},{"skew":[6.2832,6.2832],"loc":[-0.05,0],"duration":10,"index":24,"tweened":false,"ref":"~symbols/villagers/villager_02_centered"},{"skew":[6.2832,9.4248],"loc":[-0.05,0],"duration":10,"index":34,"tweened":false,"ref":"~symbols/villagers/villager_02_centered"},{"skew":[6.2832,6.2832],"loc":[-0.05,0],"duration":10,"index":44,"tweened":false,"ref":"~symbols/villagers/villager_02_centered"},{"skew":[6.2832,9.4248],"loc":[-0.05,0],"duration":10,"index":54,"tweened":false,"ref":"~symbols/villagers/villager_02_centered"},{"skew":[6.2832,6.2832],"loc":[-0.05,0],"duration":1,"index":64,"tweened":false,"ref":"~symbols/villagers/villager_02_centered"}],"name":"layer"}]},{"id":"~symbols/villagers/villager_03_centered","layers":[{"keyframes":[{"pivot":[25,28.5],"loc":[7,0],"duration":1,"index":0,"tweened":false,"ref":"img_villager_03"}],"name":"Layer 1"}]},{"id":"~symbols/villagers/villager_03_dance","layers":[{"keyframes":[{"duration":14,"ease":-1,"index":0,"loc":[-0.05,0],"ref":"~symbols/villagers/villager_03_centered"},{"duration":10,"index":14,"loc":[-0.05,-35],"ref":"~symbols/villagers/villager_03_centered","skew":[6.2832,6.2832]},{"skew":[6.2832,6.2832],"loc":[-0.05,0],"duration":10,"index":24,"tweened":false,"ref":"~symbols/villagers/villager_03_centered"},{"skew":[6.2832,9.4248],"loc":[-0.05,0],"duration":10,"index":34,"tweened":false,"ref":"~symbols/villagers/villager_03_centered"},{"skew":[6.2832,6.2832],"loc":[-0.05,0],"duration":10,"index":44,"tweened":false,"ref":"~symbols/villagers/villager_03_centered"},{"skew":[6.2832,9.4248],"loc":[-0.05,0],"duration":10,"index":54,"tweened":false,"ref":"~symbols/villagers/villager_03_centered"},{"skew":[6.2832,6.2832],"loc":[-0.05,0],"duration":1,"index":64,"tweened":false,"ref":"~symbols/villagers/villager_03_centered"}],"name":"layer"}]},{"id":"~symbols/villagers/villager_headdress_1","layers":[{"keyframes":[{"pivot":[25,28.5],"loc":[0,-28.5],"duration":1,"index":0,"tweened":false,"ref":"img_villager_01"}],"name":"villager"},{"keyframes":[{"pivot":[0,-128],"loc":[-17.65,-205.85],"duration":1,"index":0,"tweened":false,"ref":"img_headdress"}],"name":"headdress"}]},{"id":"~symbols/villagers/villager_headdress_2","layers":[{"keyframes":[{"pivot":[25,28.5],"loc":[7,-28.5],"duration":1,"index":0,"tweened":false,"ref":"img_villager_02"}],"name":"villager"},{"keyframes":[{"pivot":[0,-128],"loc":[-18.4,-206.1],"duration":1,"index":0,"tweened":false,"ref":"img_headdress"}],"name":"headdress"}]},{"id":"~symbols/villagers/villager_headdress_3","layers":[{"keyframes":[{"pivot":[25,28.5],"loc":[7,-28.5],"duration":1,"index":0,"tweened":false,"ref":"img_villager_03"}],"name":"villager"},{"keyframes":[{"pivot":[0,-128],"loc":[-18.4,-206.1],"duration":1,"index":0,"tweened":false,"ref":"img_headdress"}],"name":"headdress"}]}],"frameRate":30,"md5":"f8c616268e52679ef742cd037184a8ec"}