{"md5":"a3ba2b015e6d147eaa04b930a8b5e3ba","movies":[{"layers":[{"name":"Layer 1","keyframes":[{"duration":1,"ref":"img_background","pivot":[512,384],"index":0,"tweened":false,"loc":[512,384]}]}],"id":"background"},{"layers":[{"name":"Layer 1","keyframes":[{"duration":1,"ref":"img_temple","pivot":[127,99.5],"index":0,"tweened":false,"loc":[-12,-74.5]}]}],"id":"temple"},{"layers":[{"name":"Layer 1","keyframes":[{"duration":1,"ref":"img_villager_01","pivot":[121.5,138.5],"index":0,"tweened":false,"loc":[96.5,81.55]}]}],"id":"villager_01"},{"layers":[{"name":"Layer 1","keyframes":[{"duration":1,"ref":"img_villager_02","pivot":[18,28],"index":0,"tweened":false,"loc":[-1,-28]}]}],"id":"villager_02"},{"layers":[{"name":"Layer 1","keyframes":[{"duration":1,"ref":"img_villager_03","pivot":[18,28],"index":0,"tweened":false,"loc":[-2,-28]}]}],"id":"villager_03"}],"frameRate":24,"textureGroups":[{"atlases":[{"file":"atlas0.png","textures":[{"symbol":"img_background","rect":[1,1,1024,768],"origin":[0,0]},{"symbol":"img_temple","rect":[1027,1,255,190],"origin":[0,0]},{"symbol":"img_villager_01","rect":[1284,1,50,57],"origin":[0,0]},{"symbol":"img_villager_02","rect":[1336,1,36,56],"origin":[0,0]},{"symbol":"img_villager_03","rect":[1374,1,36,56],"origin":[0,0]}]}],"scaleFactor":1}]}