{"textureGroups":[{"scaleFactor":1,"atlases":[{"textures":[{"symbol":"img_background","rect":[1,1,1024,768],"origin":[0,0]},{"symbol":"img_temple","rect":[1027,1,255,190],"origin":[0,0]},{"symbol":"img_alignment_background","rect":[1284,1,712,65],"origin":[350,0]},{"symbol":"img_festival","rect":[1284,68,255,176],"origin":[0,0]},{"symbol":"img_alignment_head","rect":[1541,68,81,66],"origin":[40,0]},{"symbol":"img_heart","rect":[1624,68,50,71],"origin":[0,0]},{"symbol":"img_villager_01","rect":[1676,68,50,57],"origin":[0,0]},{"symbol":"img_villager_02","rect":[1998,1,36,56],"origin":[0,0]},{"symbol":"img_villager_03","rect":[1998,59,36,56],"origin":[0,0]}],"file":"atlas0.png"}]}],"frameRate":24,"md5":"55b8eb97a83e6a60a8fe288f7af51be4","movies":[{"layers":[{"name":"Layer 1","keyframes":[{"duration":1,"loc":[512,384],"ref":"img_background","index":0,"pivot":[512,384],"tweened":false}]}],"id":"background"},{"layers":[{"name":"Layer 1","keyframes":[{"duration":1,"loc":[-1,-72],"ref":"img_festival","index":0,"pivot":[127.5,88],"tweened":false}]}],"id":"festival"},{"layers":[{"name":"Layer 1","keyframes":[{"duration":1,"loc":[0,10.5],"ref":"img_heart","index":0,"pivot":[25,35.5],"tweened":false}]}],"id":"heart"},{"layers":[{"name":"Layer 1","keyframes":[{"duration":1,"loc":[-12,-74.5],"ref":"img_temple","index":0,"pivot":[127,99.5],"tweened":false}]}],"id":"temple"},{"layers":[{"name":"Layer 1","keyframes":[{"duration":1,"loc":[96.5,81.55],"ref":"img_villager_01","index":0,"pivot":[121.5,138.5],"tweened":false}]}],"id":"villager_01"},{"layers":[{"name":"Layer 1","keyframes":[{"duration":1,"loc":[-1,-28],"ref":"img_villager_02","index":0,"pivot":[18,28],"tweened":false}]}],"id":"villager_02"},{"layers":[{"name":"Layer 1","keyframes":[{"duration":1,"loc":[-2,-28],"ref":"img_villager_03","index":0,"pivot":[18,28],"tweened":false}]}],"id":"villager_03"}]}