{"textureGroups":[{"scaleFactor":1,"atlases":[{"textures":[{"symbol":"img_background","rect":[1,1,1024,768],"origin":[0,0]},{"symbol":"img_tlah","rect":[1027,1,448,534],"origin":[0,0]},{"symbol":"img_huitz","rect":[1477,1,405,540],"origin":[0,0]},{"symbol":"img_quetz","rect":[1027,537,447,417],"origin":[0,0]},{"symbol":"img_blood","rect":[1,771,640,256],"origin":[320,128]},{"symbol":"img_quetz_glow","rect":[1476,543,413,392],"origin":[0,0]},{"symbol":"img_fringeleft","rect":[643,956,768,79],"origin":[0,0]},{"symbol":"img_fringeright","rect":[1,1037,768,79],"origin":[0,0]},{"symbol":"img_temple_blood","rect":[1476,937,255,190],"origin":[0,0]},{"symbol":"img_temple","rect":[1733,937,255,190],"origin":[0,0]},{"symbol":"img_festival","rect":[643,771,255,176],"origin":[0,0]},{"symbol":"img_temple_broken","rect":[771,1037,255,170],"origin":[0,0]},{"symbol":"bolt","rect":[1884,1,119,177],"origin":[0,0]},{"symbol":"img_edittext","rect":[1028,1037,268,43],"origin":[0,0]},{"symbol":"img_alignment_head","rect":[1884,180,81,66],"origin":[40,0]},{"symbol":"img_health","rect":[1967,180,69,69],"origin":[0,0]},{"symbol":"img_shield","rect":[1884,248,57,71],"origin":[0,0]},{"symbol":"img_quetz_jaw","rect":[1943,251,97,41],"origin":[0,0]},{"symbol":"img_smiley","rect":[1943,294,60,60],"origin":[0,0]},{"symbol":"img_frowny","rect":[1884,356,60,60],"origin":[0,0]},{"symbol":"img_heart","rect":[1946,356,50,71],"origin":[0,0]},{"symbol":"img_worship","rect":[1884,429,110,30],"origin":[-2,-4.4]},{"symbol":"img_villager_01","rect":[1996,429,50,57],"origin":[0,0]},{"symbol":"img_sacrifice_prompt","rect":[1884,461,107,24],"origin":[-2.85,-4.2]},{"symbol":"img_festival_prompt","rect":[1884,487,103,24],"origin":[-3.3,-4.4]},{"symbol":"img_tlah_jaw","rect":[1891,513,67,34],"origin":[0,0]},{"symbol":"img_villager_02","rect":[2005,1,36,56],"origin":[0,0]},{"symbol":"img_villager_03","rect":[2005,59,36,56],"origin":[0,0]},{"symbol":"img_huitz_jaw","rect":[1989,488,58,22],"origin":[0,0]},{"symbol":"img_headdress","rect":[2005,117,39,26],"origin":[0,0]},{"symbol":"img_plus","rect":[2005,145,25,22],"origin":[-3.3,-6.15]},{"symbol":"img_minus","rect":[2005,294,18,22],"origin":[-2,-6.15]},{"symbol":"img_alignment_background","rect":[2005,169,41,4],"origin":[0,0]}],"file":"atlas0.png"}]}],"frameRate":30,"md5":"2e9ef7eb602fe25d63866f2451bed88e","movies":[{"layers":[{"name":"Layer 1","keyframes":[{"index":0,"duration":14},{"pivot":[59.55,88.45],"loc":[11.015,-160.0003],"ref":"bolt","index":14,"skew":[0.7854,0.7854],"duration":16},{"pivot":[59.55,88.45],"loc":[-725.435,3.6497],"ref":"bolt","index":30,"skew":[0.7854,0.7854],"duration":1},{"index":31,"duration":1}]},{"name":"Layer 2","keyframes":[{"loc":[46.5,-209],"ref":"img_huitz","index":0,"pivot":[202.5,270],"duration":31,"tweened":false},{"loc":[46.5,-209],"ref":"img_huitz","index":31,"pivot":[202.5,270],"duration":1,"tweened":false}]},{"name":"Layer 3","keyframes":[{"pivot":[29.05,11.05],"loc":[13.8689,-159.3334],"ref":"img_huitz_jaw","index":0,"skew":[0.3661,0.3661],"duration":14},{"loc":[15,-147.95],"ref":"img_huitz_jaw","index":14,"pivot":[29,11],"duration":17,"tweened":false},{"loc":[15,-147.95],"ref":"img_huitz_jaw","index":31,"pivot":[29,11],"duration":1,"tweened":false}]}],"id":"HUITZ"},{"layers":[{"name":"Layer 3","keyframes":[{"index":0,"duration":15},{"skew":[0.2621,0.262],"ref":"bolt","pivot":[59.5,88.5],"duration":14,"loc":[-11.9937,-296.9472],"index":15,"scale":[0.4996,0.4996]},{"skew":[0.262,0.262],"ref":"bolt","pivot":[59.6,88.55],"duration":1,"loc":[-670.8992,-1.0102],"index":29,"scale":[0.4996,0.4996]},{"index":30,"duration":1}]},{"name":"Layer 1","keyframes":[{"loc":[58.5,-197.4],"ref":"img_quetz","index":0,"pivot":[223.5,208.5],"duration":30,"tweened":false},{"loc":[58.5,-197.4],"ref":"img_quetz","index":30,"pivot":[223.5,208.5],"duration":1,"tweened":false}]},{"name":"Layer 2","keyframes":[{"pivot":[48.45,20.45],"loc":[-59.0014,-235.9813],"ref":"img_quetz_jaw","index":0,"skew":[0.7854,0.7854],"duration":14},{"pivot":[48.45,20.5],"loc":[-52.9458,-219.9386],"ref":"img_quetz_jaw","index":14,"skew":[-0.2618,-0.2618],"duration":1},{"pivot":[48.45,20.5],"loc":[-52.9458,-219.9386],"ref":"img_quetz_jaw","index":15,"skew":[-0.2618,-0.2618],"duration":15},{"pivot":[48.45,20.5],"loc":[-52.9458,-219.9386],"ref":"img_quetz_jaw","index":30,"skew":[-0.2618,-0.2618],"duration":1}]}],"id":"QUETZ"},{"layers":[{"name":"Layer 1","keyframes":[{"index":0,"duration":14},{"skew":[0.258,0.258],"ref":"bolt","pivot":[59.45,88.45],"duration":16,"loc":[40.7331,-261.141],"index":14,"scale":[1.4988,1.4988]},{"skew":[0.5211,0.5211],"ref":"bolt","pivot":[59.5,88.45],"duration":1,"loc":[-645.5184,-11.5317],"index":30,"scale":[1.4978,1.4978]},{"index":31,"duration":1}]},{"name":"body","keyframes":[{"loc":[56,-163.05],"ref":"img_tlah","duration":14,"tweened":false,"skew":[0,3.1416],"index":0,"pivot":[224,267]},{"loc":[56,-163.05],"ref":"img_tlah","duration":17,"tweened":false,"skew":[0,3.1416],"index":14,"pivot":[224,267]},{"loc":[56,-163.05],"ref":"img_tlah","duration":1,"tweened":false,"skew":[0,3.1416],"index":31,"pivot":[224,267]}]},{"name":"Layer 2","keyframes":[{"pivot":[33.5,17],"loc":[-30,-195.95],"ref":"img_tlah_jaw","index":0,"skew":[0,3.1416],"duration":14},{"loc":[-19.9963,-195.9418],"ref":"img_tlah_jaw","duration":17,"tweened":false,"skew":[-0.7854,2.3562],"index":14,"pivot":[33.45,17.05]},{"loc":[-19.9963,-195.9418],"ref":"img_tlah_jaw","duration":1,"tweened":false,"skew":[-0.7854,2.3562],"index":31,"pivot":[33.45,17.05]}]}],"id":"TLAH"},{"layers":[{"name":"bar","keyframes":[{"loc":[147.8053,32.45],"ref":"img_alignment_background","duration":1,"tweened":false,"scale":[14.6342,1],"index":0,"pivot":[6,32.45]}]},{"name":"angry","keyframes":[{"loc":[30,0],"ref":"img_frowny","index":0,"pivot":[30,30],"duration":1,"tweened":false}]},{"name":"happy","keyframes":[{"loc":[690,0],"ref":"img_smiley","index":0,"pivot":[30,30],"duration":1,"tweened":false}]},{"name":"head","keyframes":[{"loc":[618.5,0],"ref":"img_alignment_head","index":0,"pivot":[40.5,33],"duration":1,"tweened":false}]}],"id":"affinity"},{"layers":[{"name":"Layer 1","keyframes":[{"loc":[512,384],"ref":"img_background","index":0,"pivot":[512,384],"duration":1,"tweened":false}]}],"id":"background"},{"layers":[{"name":"Layer 1","keyframes":[{"loc":[0,5],"ref":"img_festival","index":0,"pivot":[127.5,88],"duration":1,"tweened":false}]}],"id":"festival"},{"layers":[{"name":"text","keyframes":[{"loc":[66.4,-17.7],"ref":"img_festival_prompt","index":0,"pivot":[63.1,13.6],"duration":1,"tweened":false}]},{"name":"smiley","keyframes":[{"loc":[128.5073,-18.0002],"ref":"img_smiley","duration":1,"tweened":false,"scale":[0.65,0.65],"index":0,"pivot":[28.55,35]}]},{"name":"plus","keyframes":[{"loc":[107,-15],"ref":"img_plus","index":0,"pivot":[6.3,11.85],"duration":1,"tweened":false}]}],"id":"festival_header"},{"layers":[{"name":"Layer 1","keyframes":[{"loc":[0,10.5],"ref":"img_heart","index":0,"pivot":[25,35.5],"duration":1,"tweened":false}]}],"id":"heart"},{"layers":[{"name":"Layer 1","keyframes":[{"scale":[0.53,0.53],"ref":"img_frowny","index":0,"pivot":[30,30],"duration":1,"tweened":false}]}],"id":"icon_angry"},{"layers":[{"name":"Layer 1","keyframes":[{"loc":[-0.0001,-0.3469],"ref":"img_shield","duration":1,"tweened":false,"scale":[0.5614,0.5607],"index":0,"pivot":[28.5,35.05]}]}],"id":"icon_defense"},{"layers":[{"name":"Layer 1","keyframes":[{"scale":[0.53,0.53],"ref":"img_smiley","index":0,"pivot":[30,30],"duration":1,"tweened":false}]}],"id":"icon_smiley"},{"layers":[{"name":"bg","keyframes":[{"loc":[512,384],"ref":"~symbols/screen_base","index":0,"pivot":[512,384],"duration":1,"tweened":false}]},{"name":"textbox","keyframes":[{"loc":[290,640.5],"ref":"img_edittext","index":0,"pivot":[134,21.5],"duration":1,"tweened":false}]},{"name":"quetz","keyframes":[{"loc":[874.029,860.8794],"ref":"~symbols/quetz_whole","duration":1,"tweened":false,"scale":[0.91,0.91],"index":0,"pivot":[223.5,208.5]}]}],"id":"intro_screen"},{"layers":[{"name":"bg","keyframes":[{"loc":[512,384],"ref":"~symbols/screen_base","index":0,"pivot":[512,384],"duration":1,"tweened":false}]},{"name":"huitz","keyframes":[{"loc":[706.985,505.9474],"ref":"img_huitz","duration":1,"tweened":false,"scale":[0.74,0.74],"index":0,"pivot":[202.55,270]}]},{"name":"heart1","keyframes":[{"loc":[528.95,497.95],"ref":"img_heart","index":0,"pivot":[25,35.5],"duration":1,"tweened":false}]},{"name":"heart2","keyframes":[{"loc":[557.95,415.95],"ref":"img_heart","index":0,"pivot":[25,35.5],"duration":1,"tweened":false}]},{"name":"heart3","keyframes":[{"loc":[605.95,356.65],"ref":"img_heart","index":0,"pivot":[25,35.5],"duration":1,"tweened":false}]},{"name":"textbox","keyframes":[{"loc":[290,639.95],"ref":"img_edittext","index":0,"pivot":[134,21.5],"duration":1,"tweened":false}]}],"id":"lose_screen"},{"layers":[{"name":"bg","keyframes":[{"loc":[512,384],"ref":"img_background","index":0,"pivot":[512,384],"duration":1,"tweened":false}]},{"name":"quetz","keyframes":[{"loc":[412.95,377.0076],"ref":"~symbols/quetz_whole","duration":1,"tweened":false,"scale":[0.41,0.41],"index":0,"pivot":[0,-189.75]}]},{"name":"bolt","keyframes":[{"skew":[0.5236,0.5236],"ref":"bolt","pivot":[59.45,88.6],"duration":1,"tweened":false,"loc":[298.8991,377.9929],"index":0,"scale":[0.4034,0.4034]}]},{"name":"temple","keyframes":[{"loc":[214.9472,414.504],"ref":"img_temple_broken","duration":1,"tweened":false,"scale":[0.4431,0.4431],"index":0,"pivot":[127.5,84.75]}]},{"name":"villager","keyframes":[{"loc":[186.9952,237.9996],"ref":"img_villager_01","duration":1,"tweened":false,"scale":[0.9298,0.9298],"index":0,"pivot":[25,28.5]}]},{"name":"heart","keyframes":[{"loc":[552.45,234.49],"ref":"img_heart","duration":1,"tweened":false,"scale":[0.78,0.78],"index":0,"pivot":[25,35.5]}]},{"name":"festival","keyframes":[{"loc":[428.4588,599.0055],"ref":"img_festival","duration":1,"tweened":false,"scale":[0.4589,0.4589],"index":0,"pivot":[127.5,88.05]}]},{"name":"temple-whole","keyframes":[{"loc":[112.309,690.5],"ref":"img_temple","duration":1,"tweened":false,"scale":[0.4335,0.4335],"index":0,"pivot":[127.6,95.05]}]},{"name":"textbox","keyframes":[{"loc":[804.95,648.95],"ref":"img_edittext","index":0,"pivot":[134,21.5],"duration":1,"tweened":false}]}],"id":"new_match_screen"},{"layers":[{"name":"heart","keyframes":[{"loc":[0,0.0249],"ref":"heart","ease":-1,"duration":7,"scale":[1.05,1.05],"index":0,"pivot":[0,10.5]},{"pivot":[0,10.5],"loc":[0,0.0649],"ref":"heart","index":7,"scale":[3.63,3.63],"duration":1},{"index":8,"duration":1}]},{"name":"blood","keyframes":[{"index":0,"duration":8},{"loc":[11,0],"ref":"img_blood","ease":-1,"duration":6,"scale":[0.46,0.46],"index":8,"pivot":[320,128]},{"loc":[11,0],"ref":"img_blood","ease":-1,"duration":20,"skew":[0.4189,0.4189],"index":14,"pivot":[320,128]},{"loc":[11,50],"ref":"img_blood","duration":1,"skew":[0.4189,0.4189],"alpha":0,"index":34,"pivot":[320,128]}]}],"id":"sacrifice"},{"layers":[{"name":"text","keyframes":[{"loc":[66.4,-17.7],"ref":"img_sacrifice_prompt","index":0,"pivot":[63.55,13.8],"duration":1,"tweened":false}]},{"name":"heart","keyframes":[{"loc":[133.5151,-20.8505],"ref":"img_heart","duration":1,"tweened":false,"scale":[0.61,0.61],"index":0,"pivot":[28.55,35]}]},{"name":"plus","keyframes":[{"loc":[112,-15],"ref":"img_plus","index":0,"pivot":[6.3,11.85],"duration":1,"tweened":false}]},{"name":"frown","keyframes":[{"loc":[196.4498,-19.0002],"ref":"img_frowny","duration":1,"tweened":false,"scale":[0.65,0.65],"index":0,"pivot":[30,30]}]},{"name":"frown","keyframes":[{"loc":[173.0498,-19.0002],"ref":"img_frowny","duration":1,"tweened":false,"scale":[0.65,0.65],"index":0,"pivot":[30,30]}]},{"name":"minus","keyframes":[{"loc":[154.25,-17],"ref":"img_minus","index":0,"pivot":[3.15,11.85],"duration":1,"tweened":false}]}],"id":"sacrifice_header"},{"layers":[{"name":"temple","keyframes":[{"loc":[0,-74.5],"ref":"img_temple","index":0,"pivot":[127,99.5],"duration":1,"tweened":false},{"loc":[0,-74.5],"ref":"img_temple_blood","index":1,"pivot":[127,99.5],"duration":1,"tweened":false},{"loc":[0.5,-53.5],"ref":"img_temple_broken","index":2,"pivot":[127,99.5],"duration":1,"tweened":false}]},{"name":"health","keyframes":[{"loc":[-83.0029,-188.9479],"ref":"img_health","duration":1,"tweened":false,"scale":[0.55,0.55],"index":0,"pivot":[34.45,34.55]},{"loc":[-83.0029,-188.9479],"ref":"img_health","duration":1,"tweened":false,"scale":[0.55,0.55],"index":1,"pivot":[34.45,34.55]},{"loc":[-83.0029,-188.9479],"ref":"img_health","duration":1,"tweened":false,"scale":[0.55,0.55],"index":2,"pivot":[34.45,34.55]}]},{"name":"defense","keyframes":[{"loc":[-82.9914,-230.9505],"ref":"img_shield","duration":1,"tweened":false,"scale":[0.58,0.58],"index":0,"pivot":[28.55,35]},{"loc":[-82.9914,-230.9505],"ref":"img_shield","duration":1,"tweened":false,"scale":[0.58,0.58],"index":1,"pivot":[28.55,35]},{"loc":[-82.9914,-230.9505],"ref":"img_shield","duration":1,"tweened":false,"scale":[0.58,0.58],"index":2,"pivot":[28.55,35]}]}],"id":"temple"},{"layers":[{"name":"Layer 1","keyframes":[{"loc":[96.5,81.55],"ref":"img_villager_01","index":0,"pivot":[121.45,138.45],"duration":9,"ease":-1},{"loc":[96.5,69.55],"ref":"img_villager_01","index":9,"pivot":[121.45,138.45],"duration":10,"ease":1},{"loc":[96.5,81.55],"ref":"img_villager_01","index":19,"pivot":[121.45,138.45],"duration":1}]}],"id":"villager_1"},{"layers":[{"name":"Layer 1","keyframes":[{"loc":[68.55,80.15],"ref":"img_villager_02","index":0,"pivot":[87.45,136.05],"duration":9,"ease":-1},{"loc":[68.5,68.15],"ref":"img_villager_02","index":9,"pivot":[87.45,136.05],"duration":10,"ease":1},{"loc":[68.5,80.15],"ref":"img_villager_02","index":19,"pivot":[87.45,136.05],"duration":1}]}],"id":"villager_2"},{"layers":[{"name":"Layer 1","keyframes":[{"loc":[67.5,80.1],"ref":"img_villager_03","index":0,"pivot":[87.45,136.05],"duration":9,"ease":-1},{"loc":[67.5,68.1],"ref":"img_villager_03","index":9,"pivot":[87.45,136.05],"duration":10,"ease":1},{"loc":[67.5,80.1],"ref":"img_villager_03","index":19,"pivot":[87.45,136.05],"duration":1}]}],"id":"villager_3"},{"layers":[{"name":"Layer 1","keyframes":[{"loc":[418.95,296.45],"ref":"~symbols/villagers/villager_01_dance","index":0,"pivot":[417.95,323],"duration":1,"tweened":false}]}],"id":"villager_festival_1"},{"layers":[{"name":"Layer 1","keyframes":[{"loc":[419.95,297.45],"ref":"~symbols/villagers/villager_02_dance","index":0,"pivot":[417.95,323],"duration":1,"tweened":false}]}],"id":"villager_festival_2"},{"layers":[{"name":"Layer 1","keyframes":[{"loc":[419.95,297.45],"ref":"~symbols/villagers/villager_03_dance","index":0,"pivot":[417.95,323],"duration":1,"tweened":false}]}],"id":"villager_festival_3"},{"layers":[{"name":"Layer 1","keyframes":[{"loc":[121.5,138.55],"ref":"~symbols/villagers/villager_headdress_1","index":0,"pivot":[121.45,138.45],"duration":9,"ease":-1},{"loc":[121.5,126.55],"ref":"~symbols/villagers/villager_headdress_1","index":9,"pivot":[121.45,138.45],"duration":10,"ease":1},{"loc":[121.5,138.55],"ref":"~symbols/villagers/villager_headdress_1","index":19,"pivot":[121.45,138.45],"duration":1}]}],"id":"villager_worship_1"},{"layers":[{"name":"Layer 1","keyframes":[{"loc":[121.5,138.55],"ref":"~symbols/villagers/villager_headdress_2","index":0,"pivot":[121.45,138.45],"duration":9,"ease":-1},{"loc":[121.5,126.55],"ref":"~symbols/villagers/villager_headdress_2","index":9,"pivot":[121.45,138.45],"duration":10,"ease":1},{"loc":[121.5,138.55],"ref":"~symbols/villagers/villager_headdress_2","index":19,"pivot":[121.45,138.45],"duration":1}]}],"id":"villager_worship_2"},{"layers":[{"name":"Layer 1","keyframes":[{"loc":[121.5,138.55],"ref":"~symbols/villagers/villager_headdress_3","index":0,"pivot":[121.45,138.45],"duration":9,"ease":-1},{"loc":[121.5,126.55],"ref":"~symbols/villagers/villager_headdress_3","index":9,"pivot":[121.45,138.45],"duration":10,"ease":1},{"loc":[121.5,138.55],"ref":"~symbols/villagers/villager_headdress_3","index":19,"pivot":[121.45,138.45],"duration":1}]}],"id":"villager_worship_3"},{"layers":[{"name":"bg","keyframes":[{"loc":[512,384],"ref":"~symbols/screen_base","index":0,"pivot":[512,384],"duration":1,"tweened":false}]},{"name":"textbox","keyframes":[{"loc":[289.95,639.95],"ref":"img_edittext","index":0,"pivot":[134,21.5],"duration":1,"tweened":false}]},{"name":"quetz","keyframes":[{"loc":[679.95,497.95],"ref":"img_quetz_glow","index":0,"pivot":[206.5,196],"duration":1,"tweened":false}]}],"id":"win_screen"},{"layers":[{"name":"icon","keyframes":[{"loc":[131.0151,-20.3505],"ref":"img_shield","duration":1,"tweened":false,"scale":[0.61,0.61],"index":0,"pivot":[28.55,35]}]},{"name":"text","keyframes":[{"loc":[66.4,-17.7],"ref":"img_worship","index":0,"pivot":[64.4,13.6],"duration":1,"tweened":false}]},{"name":"plus","keyframes":[{"loc":[112,-14],"ref":"img_plus","index":0,"pivot":[6.3,11.85],"duration":1,"tweened":false}]}],"id":"worship_header"},{"layers":[{"name":"Layer 1","keyframes":[{"loc":[0.029,-189.7206],"ref":"img_quetz","duration":1,"tweened":false,"scale":[0.91,0.91],"index":0,"pivot":[223.5,208.5]}]},{"name":"jaw","keyframes":[{"loc":[-101.9663,-208.6956],"ref":"img_quetz_jaw","duration":1,"tweened":false,"scale":[0.91,0.91],"index":0,"pivot":[48.5,20.5]}]}],"id":"~symbols/quetz_whole"},{"layers":[{"name":"bg","keyframes":[{"loc":[512,384],"ref":"img_background","index":0,"pivot":[512,384],"duration":1,"tweened":false}]},{"name":"fringe-left","keyframes":[{"loc":[-305.9464,39.0352],"ref":"img_fringeleft","duration":1,"tweened":false,"skew":[1.5707,1.5707],"index":0,"pivot":[39,384]}]},{"name":"fringe-right","keyframes":[{"loc":[639.9536,39.0352],"ref":"img_fringeright","duration":1,"tweened":false,"skew":[1.5707,1.5707],"index":0,"pivot":[39,384]}]}],"id":"~symbols/screen_base"},{"layers":[{"name":"Layer 1","keyframes":[{"ref":"img_villager_01","index":0,"pivot":[25,28.5],"duration":1,"tweened":false}]}],"id":"~symbols/villagers/villager_01_centered"},{"layers":[{"name":"layer","keyframes":[{"loc":[0,0.5],"ref":"~symbols/villagers/villager_01_centered","index":0,"ease":-1,"duration":14},{"loc":[0,-34.5],"ref":"~symbols/villagers/villager_01_centered","index":14,"skew":[6.2832,6.2832],"duration":10},{"loc":[0,0.5],"ref":"~symbols/villagers/villager_01_centered","index":24,"skew":[12.5664,12.5664],"duration":10,"tweened":false},{"loc":[0,0.5],"ref":"~symbols/villagers/villager_01_centered","index":34,"skew":[12.5664,15.708],"duration":10,"tweened":false},{"loc":[0,0.5],"ref":"~symbols/villagers/villager_01_centered","index":44,"skew":[12.5664,12.5664],"duration":10,"tweened":false},{"loc":[0,0.5],"ref":"~symbols/villagers/villager_01_centered","index":54,"skew":[12.5664,15.708],"duration":10,"tweened":false},{"loc":[0,0.5],"ref":"~symbols/villagers/villager_01_centered","index":64,"skew":[12.5664,12.5664],"duration":1,"tweened":false}]}],"id":"~symbols/villagers/villager_01_dance"},{"layers":[{"name":"Layer 1","keyframes":[{"loc":[7,0],"ref":"img_villager_02","index":0,"pivot":[25,28.5],"duration":1,"tweened":false}]}],"id":"~symbols/villagers/villager_02_centered"},{"layers":[{"name":"layer","keyframes":[{"loc":[-0.05,0],"ref":"~symbols/villagers/villager_02_centered","index":0,"ease":-1,"duration":14},{"loc":[-0.05,-35],"ref":"~symbols/villagers/villager_02_centered","index":14,"skew":[6.2832,6.2832],"duration":10},{"loc":[-0.05,0],"ref":"~symbols/villagers/villager_02_centered","index":24,"skew":[12.5664,12.5664],"duration":10,"tweened":false},{"loc":[-0.05,0],"ref":"~symbols/villagers/villager_02_centered","index":34,"skew":[12.5664,15.708],"duration":10,"tweened":false},{"loc":[-0.05,0],"ref":"~symbols/villagers/villager_02_centered","index":44,"skew":[12.5664,12.5664],"duration":10,"tweened":false},{"loc":[-0.05,0],"ref":"~symbols/villagers/villager_02_centered","index":54,"skew":[12.5664,15.708],"duration":10,"tweened":false},{"loc":[-0.05,0],"ref":"~symbols/villagers/villager_02_centered","index":64,"skew":[12.5664,12.5664],"duration":1,"tweened":false}]}],"id":"~symbols/villagers/villager_02_dance"},{"layers":[{"name":"Layer 1","keyframes":[{"loc":[7,0],"ref":"img_villager_03","index":0,"pivot":[25,28.5],"duration":1,"tweened":false}]}],"id":"~symbols/villagers/villager_03_centered"},{"layers":[{"name":"layer","keyframes":[{"loc":[-0.05,0],"ref":"~symbols/villagers/villager_03_centered","index":0,"ease":-1,"duration":14},{"loc":[-0.05,-35],"ref":"~symbols/villagers/villager_03_centered","index":14,"skew":[6.2832,6.2832],"duration":10},{"loc":[-0.05,0],"ref":"~symbols/villagers/villager_03_centered","index":24,"skew":[12.5664,12.5664],"duration":10,"tweened":false},{"loc":[-0.05,0],"ref":"~symbols/villagers/villager_03_centered","index":34,"skew":[12.5664,15.708],"duration":10,"tweened":false},{"loc":[-0.05,0],"ref":"~symbols/villagers/villager_03_centered","index":44,"skew":[12.5664,12.5664],"duration":10,"tweened":false},{"loc":[-0.05,0],"ref":"~symbols/villagers/villager_03_centered","index":54,"skew":[12.5664,15.708],"duration":10,"tweened":false},{"loc":[-0.05,0],"ref":"~symbols/villagers/villager_03_centered","index":64,"skew":[12.5664,12.5664],"duration":1,"tweened":false}]}],"id":"~symbols/villagers/villager_03_dance"},{"layers":[{"name":"villager","keyframes":[{"loc":[0,-28.5],"ref":"img_villager_01","index":0,"pivot":[25,28.5],"duration":1,"tweened":false}]},{"name":"headdress","keyframes":[{"loc":[-17.65,-205.85],"ref":"img_headdress","index":0,"pivot":[0,-128],"duration":1,"tweened":false}]}],"id":"~symbols/villagers/villager_headdress_1"},{"layers":[{"name":"villager","keyframes":[{"loc":[7,-28.5],"ref":"img_villager_02","index":0,"pivot":[25,28.5],"duration":1,"tweened":false}]},{"name":"headdress","keyframes":[{"loc":[-18.4,-206.1],"ref":"img_headdress","index":0,"pivot":[0,-128],"duration":1,"tweened":false}]}],"id":"~symbols/villagers/villager_headdress_2"},{"layers":[{"name":"villager","keyframes":[{"loc":[7,-28.5],"ref":"img_villager_03","index":0,"pivot":[25,28.5],"duration":1,"tweened":false}]},{"name":"headdress","keyframes":[{"loc":[-18.4,-206.1],"ref":"img_headdress","index":0,"pivot":[0,-128],"duration":1,"tweened":false}]}],"id":"~symbols/villagers/villager_headdress_3"}]}