{"textureGroups":[{"atlases":[{"textures":[{"symbol":"img_background","rect":[1,1,1024,606],"origin":[0,0]},{"symbol":"img_villager","rect":[1027,1,50,57],"origin":[0,0]}],"file":"atlas0.png"}],"scaleFactor":1}],"frameRate":24,"md5":"d399cd2494f5df3512b693b4b805901e","movies":[{"layers":[{"keyframes":[{"tweened":false,"pivot":[512,303],"ref":"img_background","loc":[512,303],"index":0,"duration":1}],"name":"Layer 1"}],"id":"background"},{"layers":[{"keyframes":[{"tweened":false,"pivot":[121.5,138.5],"ref":"img_villager","loc":[96.5,81.55],"index":0,"duration":1}],"name":"Layer 1"}],"id":"villager"}]}