{"movies":[{"id":"HUITZ","layers":[{"keyframes":[{"index":0,"duration":14},{"loc":[11.0159,-159.999],"skew":[0.7854,0.7854],"index":14,"ref":"bolt","duration":16,"pivot":[59.55,88.45]},{"loc":[-725.4341,3.651],"skew":[0.7854,0.7854],"index":30,"ref":"bolt","duration":1,"pivot":[59.55,88.45]}],"name":"Layer 1"},{"keyframes":[{"loc":[46.5,-209],"tweened":false,"index":0,"ref":"img_huitz","duration":31,"pivot":[202.5,270]}],"name":"Layer 2"},{"keyframes":[{"loc":[13.8693,-159.3332],"skew":[0.3661,0.3661],"index":0,"ref":"img_huitz_jaw","duration":14,"pivot":[29.05,11.05]},{"loc":[15,-147.95],"tweened":false,"index":14,"ref":"img_huitz_jaw","duration":17,"pivot":[29,11]}],"name":"Layer 3"}]},{"id":"QUETZ","layers":[{"keyframes":[{"index":0,"duration":15},{"loc":[-11.9851,-296.9652],"skew":[0.2618,0.2618],"index":15,"ref":"bolt","duration":14,"pivot":[59.5,88.5]},{"loc":[-670.9208,-1.0153],"skew":[0.2618,0.2618],"index":29,"ref":"bolt","duration":1,"pivot":[59.5,88.45]}],"name":"Layer 3"},{"keyframes":[{"loc":[58.5,-197.4],"tweened":false,"index":0,"ref":"img_quetz","duration":30,"pivot":[223.5,208.5]}],"name":"Layer 1"},{"keyframes":[{"loc":[-59.0014,-235.9813],"skew":[0.7854,0.7854],"index":0,"ref":"img_quetz_jaw","duration":14,"pivot":[48.45,20.45]},{"loc":[-52.9458,-219.9386],"skew":[-0.2618,-0.2618],"index":14,"ref":"img_quetz_jaw","duration":1,"pivot":[48.45,20.5]},{"loc":[-52.9458,-219.9386],"skew":[-0.2618,-0.2618],"index":15,"ref":"img_quetz_jaw","duration":15,"pivot":[48.45,20.5]}],"name":"Layer 2"}]},{"id":"TLAH","layers":[{"keyframes":[{"index":0,"duration":14},{"loc":[40.6831,-261.1278],"skew":[0.2618,0.2618],"index":14,"ref":"bolt","duration":16,"pivot":[59.45,88.45]},{"loc":[-645.52,-11.5074],"skew":[0.5236,0.5236],"index":30,"ref":"bolt","duration":1,"pivot":[59.5,88.5]}],"name":"Layer 1"},{"keyframes":[{"tweened":false,"ref":"img_tlah","duration":14,"pivot":[224,267],"loc":[56,-163.05],"skew":[0,3.1416],"index":0},{"tweened":false,"ref":"img_tlah","duration":17,"pivot":[224,267],"loc":[56,-163.05],"skew":[0,3.1416],"index":14}],"name":"body"},{"keyframes":[{"loc":[-30,-195.95],"skew":[0,3.1416],"index":0,"ref":"img_tlah_jaw","duration":14,"pivot":[33.5,17]},{"tweened":false,"ref":"img_tlah_jaw","duration":17,"pivot":[33.45,17.05],"loc":[-19.9968,-195.9416],"skew":[-0.7854,2.3562],"index":14}],"name":"Layer 2"}]},{"id":"background","layers":[{"keyframes":[{"loc":[512,384],"tweened":false,"index":0,"ref":"img_background","duration":1,"pivot":[512,384]}],"name":"Layer 1"}]},{"id":"festival","layers":[{"keyframes":[{"loc":[-1,-72],"tweened":false,"index":0,"ref":"img_festival","duration":1,"pivot":[127.5,88]}],"name":"Layer 1"}]},{"id":"heart","layers":[{"keyframes":[{"loc":[0,10.5],"tweened":false,"index":0,"ref":"img_heart","duration":1,"pivot":[25,35.5]}],"name":"Layer 1"}]},{"id":"temple","layers":[{"keyframes":[{"loc":[-12,-74.5],"tweened":false,"index":0,"ref":"img_temple","duration":1,"pivot":[127,99.5]}],"name":"Layer 1"}]},{"id":"villager_01","layers":[{"keyframes":[{"ease":-1,"loc":[96.5,81.55],"index":0,"ref":"img_villager_01","duration":9,"pivot":[121.45,138.45]},{"ease":1,"loc":[96.5,69.55],"index":9,"ref":"img_villager_01","duration":10,"pivot":[121.45,138.45]},{"loc":[96.5,81.55],"index":19,"ref":"img_villager_01","duration":1,"pivot":[121.45,138.45]}],"name":"Layer 1"}]},{"id":"villager_02","layers":[{"keyframes":[{"ease":-1,"loc":[68.55,80.15],"index":0,"ref":"img_villager_02","duration":9,"pivot":[87.45,136.05]},{"ease":1,"loc":[68.5,68.15],"index":9,"ref":"img_villager_02","duration":10,"pivot":[87.45,136.05]},{"loc":[68.5,80.15],"index":19,"ref":"img_villager_02","duration":1,"pivot":[87.45,136.05]}],"name":"Layer 1"}]},{"id":"villager_03","layers":[{"keyframes":[{"ease":-1,"loc":[67.5,80.1],"index":0,"ref":"img_villager_03","duration":9,"pivot":[87.45,136.05]},{"ease":1,"loc":[67.5,68.1],"index":9,"ref":"img_villager_03","duration":10,"pivot":[87.45,136.05]},{"loc":[67.5,80.1],"index":19,"ref":"img_villager_03","duration":1,"pivot":[87.45,136.05]}],"name":"Layer 1"}]}],"textureGroups":[{"scaleFactor":1,"atlases":[{"file":"atlas0.png","textures":[{"rect":[1,1,1024,768],"symbol":"img_background","origin":[0,0]},{"rect":[1,771,1024,768],"symbol":"img_start_match","origin":[0,0]},{"rect":[1027,1,448,534],"symbol":"img_tlah","origin":[0,0]},{"rect":[1477,1,405,540],"symbol":"img_huitz","origin":[0,0]},{"rect":[1027,537,447,417],"symbol":"img_quetz","origin":[0,0]},{"rect":[1476,543,255,190],"symbol":"img_temple","origin":[0,0]},{"rect":[1027,956,712,65],"symbol":"img_alignment_background","origin":[350,0]},{"rect":[1733,543,255,176],"symbol":"img_festival","origin":[0,0]},{"rect":[1884,1,119,177],"symbol":"bolt","origin":[0,0]},{"rect":[1884,180,81,66],"symbol":"img_alignment_head","origin":[40,0]},{"rect":[1884,248,97,41],"symbol":"img_quetz_jaw","origin":[0,0]},{"rect":[1983,180,50,71],"symbol":"img_heart","origin":[0,0]},{"rect":[1983,253,50,57],"symbol":"img_villager_01","origin":[0,0]},{"rect":[1884,291,67,34],"symbol":"img_tlah_jaw","origin":[0,0]},{"rect":[2005,1,36,56],"symbol":"img_villager_02","origin":[0,0]},{"rect":[2005,59,36,56],"symbol":"img_villager_03","origin":[0,0]},{"rect":[1953,312,58,22],"symbol":"img_huitz_jaw","origin":[0,0]}]},{"file":"atlas1.png","textures":[{"rect":[1,1,1024,768],"symbol":"img_start_lose","origin":[0,0]},{"rect":[1,771,1024,768],"symbol":"img_start_win","origin":[0,0]}]},{"file":"atlas2.png","textures":[{"rect":[1,1,1024,768],"symbol":"img_intro","origin":[0,0]}]}]}],"frameRate":30,"md5":"c347f246d6b3065fb11af6987338c1c6"}